task_id,task_type,weather,operator_skill,machine_age_yrs,estimated_time_min,actual_time_min
TSK-1001,Stockpile Rehandling,Fog/Low Visibility,Intermediate,2.8,55.4,61.5
TSK-1002,Pipe Laying,Sunny,Novice,11.2,106.2,147.6
TSK-1003,Truck Loading,Extreme Heat,Novice,3.3,42.5,57.7
TSK-1004,Slope Grading,High Wind,Intermediate,9.2,90.0,121.9
TSK-1005,Stockpile Rehandling,Sunny,Intermediate,1.7,62.4,60.9
TSK-1006,Slope Grading,High Wind,Novice,6.6,85.4,143.8
TSK-1007,Slope Grading,High Wind,Novice,2.1,93.9,136.6
TSK-1008,Truck Loading,Rain,Expert,11.4,42.8,57.9
TSK-1009,Trenching,Fog/Low Visibility,Expert,11.3,119.5,144.1
TSK-1010,Slope Grading,Muddy/Wet,Novice,7.5,83.4,165.0
TSK-1011,Pipe Laying,Sunny,Intermediate,5.9,106.5,113.0
TSK-1012,Trenching,Extreme Heat,Novice,11.2,114.9,179.1
TSK-1013,Trenching,Rain,Intermediate,7.1,118.0,161.6
TSK-1014,Trenching,Fog/Low Visibility,Expert,5.9,121.8,128.4
TSK-1015,Trenching,Rain,Novice,6.1,123.6,205.9
TSK-1016,Stockpile Rehandling,Sunny,Novice,4.6,56.7,73.5
TSK-1017,Trenching,Rain,Intermediate,3.3,129.2,175.6
TSK-1018,Slope Grading,High Wind,Expert,2.9,92.7,96.2
TSK-1019,Mass Excavation,Muddy/Wet,Novice,6.0,148.5,264.8
TSK-1020,Stockpile Rehandling,High Wind,Novice,6.9,60.4,95.6
TSK-1021,Truck Loading,Muddy/Wet,Expert,10.6,45.4,60.2
TSK-1022,Mass Excavation,High Wind,Intermediate,9.6,151.0,208.1
TSK-1023,Stockpile Rehandling,Fog/Low Visibility,Intermediate,8.7,63.7,84.4
TSK-1024,Slope Grading,Fog/Low Visibility,Novice,4.2,83.7,130.1
TSK-1025,Truck Loading,Rain,Expert,8.1,46.9,55.8
TSK-1026,Slope Grading,Muddy/Wet,Intermediate,7.7,84.4,130.3
TSK-1027,Trenching,Sunny,Novice,2.7,111.0,132.2
TSK-1028,Mass Excavation,Sunny,Novice,6.9,158.1,217.1
TSK-1029,Pipe Laying,Fog/Low Visibility,Expert,7.1,102.1,108.1
TSK-1030,Stockpile Rehandling,Sunny,Novice,10.8,57.2,82.6
TSK-1031,Trenching,High Wind,Expert,1.4,121.1,134.6
TSK-1032,Truck Loading,Muddy/Wet,Expert,1.4,45.8,55.8
TSK-1033,Stockpile Rehandling,Sunny,Intermediate,1.6,57.3,58.6
TSK-1034,Trenching,Extreme Heat,Novice,6.5,114.0,165.2
TSK-1035,Mass Excavation,Fog/Low Visibility,Expert,10.9,151.4,178.7
TSK-1036,Stockpile Rehandling,Sunny,Expert,7.0,61.7,60.1
TSK-1037,Truck Loading,Sunny,Novice,9.3,45.4,63.9
TSK-1038,Stockpile Rehandling,Rain,Expert,11.5,59.5,77.0
TSK-1039,Slope Grading,Fog/Low Visibility,Intermediate,9.8,88.7,120.1
TSK-1040,Stockpile Rehandling,Muddy/Wet,Expert,3.4,60.4,72.8
TSK-1041,Pipe Laying,Extreme Heat,Intermediate,4.7,109.2,131.2
TSK-1042,Trenching,Extreme Heat,Novice,11.3,121.8,192.1
TSK-1043,Slope Grading,Sunny,Intermediate,11.3,85.9,99.9
TSK-1044,Stockpile Rehandling,Muddy/Wet,Expert,6.3,60.7,79.3
TSK-1045,Trenching,Sunny,Intermediate,4.6,113.1,117.2
TSK-1046,Pipe Laying,Rain,Novice,3.5,106.5,173.6
TSK-1047,Pipe Laying,Rain,Expert,1.6,106.9,120.2
TSK-1048,Truck Loading,Extreme Heat,Expert,7.0,47.9,49.7
TSK-1049,Slope Grading,Sunny,Expert,9.4,88.3,90.6
TSK-1050,Slope Grading,Muddy/Wet,Intermediate,5.3,95.3,146.5
TSK-1051,Mass Excavation,Extreme Heat,Expert,9.9,160.3,176.2
TSK-1052,Stockpile Rehandling,High Wind,Novice,4.1,55.6,85.6
TSK-1053,Mass Excavation,Muddy/Wet,Expert,8.3,141.7,194.3
TSK-1054,Truck Loading,High Wind,Expert,7.0,42.0,47.5
TSK-1055,Truck Loading,Rain,Novice,4.4,44.8,75.9
TSK-1056,Pipe Laying,High Wind,Intermediate,1.7,110.0,139.1
TSK-1057,Mass Excavation,Rain,Intermediate,6.8,149.7,214.1
TSK-1058,Mass Excavation,Fog/Low Visibility,Expert,11.5,150.6,172.8
TSK-1059,Slope Grading,High Wind,Intermediate,8.1,91.1,117.2
TSK-1060,Truck Loading,High Wind,Intermediate,4.5,43.7,55.7
TSK-1061,Trenching,Muddy/Wet,Novice,11.4,122.2,260.7
TSK-1062,Truck Loading,Fog/Low Visibility,Novice,5.5,48.1,70.3
TSK-1063,Stockpile Rehandling,Muddy/Wet,Novice,8.9,63.4,116.6
TSK-1064,Trenching,Rain,Expert,10.7,127.1,171.6
TSK-1065,Trenching,Muddy/Wet,Expert,9.4,116.3,158.8
TSK-1066,Slope Grading,Rain,Expert,6.6,85.7,103.8
TSK-1067,Slope Grading,Fog/Low Visibility,Intermediate,7.5,97.1,127.1
TSK-1068,Stockpile Rehandling,Sunny,Intermediate,7.0,61.6,64.1
TSK-1069,Mass Excavation,Sunny,Intermediate,2.9,154.7,153.5
TSK-1070,Truck Loading,Extreme Heat,Novice,1.5,46.2,63.6
TSK-1071,Stockpile Rehandling,Muddy/Wet,Novice,1.0,63.5,111.5
TSK-1072,Mass Excavation,High Wind,Expert,11.2,140.4,168.8
TSK-1073,Pipe Laying,Fog/Low Visibility,Novice,2.8,110.0,157.3
TSK-1074,Stockpile Rehandling,Sunny,Novice,3.4,60.3,74.5
TSK-1075,Truck Loading,Extreme Heat,Novice,1.0,46.3,61.4
TSK-1076,Slope Grading,Rain,Expert,3.8,83.7,93.0
TSK-1077,Truck Loading,Sunny,Expert,11.0,43.0,43.1
TSK-1078,Truck Loading,Extreme Heat,Novice,1.7,44.2,63.0
TSK-1079,Pipe Laying,Extreme Heat,Expert,3.2,105.4,96.4
TSK-1080,Slope Grading,Fog/Low Visibility,Intermediate,5.6,84.7,106.4
TSK-1081,Pipe Laying,Fog/Low Visibility,Expert,9.4,116.4,129.8
TSK-1082,Stockpile Rehandling,Fog/Low Visibility,Novice,5.4,63.9,99.4
TSK-1083,Stockpile Rehandling,Fog/Low Visibility,Novice,4.2,60.6,94.0
TSK-1084,Trenching,Rain,Intermediate,9.8,113.2,158.4
TSK-1085,Slope Grading,High Wind,Intermediate,4.0,93.5,121.2
TSK-1086,Stockpile Rehandling,Extreme Heat,Intermediate,2.4,57.0,60.0
TSK-1087,Trenching,Fog/Low Visibility,Expert,3.7,121.3,120.5
TSK-1088,Mass Excavation,Rain,Expert,1.1,139.9,162.9
TSK-1089,Mass Excavation,Fog/Low Visibility,Expert,5.8,153.6,157.9
TSK-1090,Truck Loading,High Wind,Intermediate,2.3,42.8,49.4
TSK-1091,Trenching,Muddy/Wet,Intermediate,3.2,123.3,168.0
TSK-1092,Mass Excavation,Sunny,Novice,10.7,161.7,243.5
TSK-1093,Truck Loading,Extreme Heat,Intermediate,10.1,47.8,59.6
TSK-1094,Trenching,Fog/Low Visibility,Expert,9.6,124.2,140.5
TSK-1095,Stockpile Rehandling,Fog/Low Visibility,Expert,6.5,61.4,68.1
TSK-1096,Trenching,Fog/Low Visibility,Novice,5.6,126.3,180.5
TSK-1097,Mass Excavation,Fog/Low Visibility,Expert,5.0,155.6,164.9
TSK-1098,Pipe Laying,Extreme Heat,Novice,2.8,108.9,153.8
TSK-1099,Slope Grading,High Wind,Novice,5.3,91.6,136.0
TSK-1100,Pipe Laying,Rain,Intermediate,9.7,109.1,165.8
TSK-1101,Trenching,Rain,Expert,10.8,123.8,154.1
TSK-1102,Truck Loading,Muddy/Wet,Intermediate,1.1,44.7,65.9
TSK-1103,Mass Excavation,High Wind,Novice,3.5,154.6,245.7
TSK-1104,Mass Excavation,Extreme Heat,Expert,2.1,140.7,132.9
TSK-1105,Slope Grading,Sunny,Expert,8.4,93.3,96.2
TSK-1106,Pipe Laying,Rain,Intermediate,6.7,102.0,137.4
TSK-1107,Slope Grading,Fog/Low Visibility,Expert,10.0,85.1,94.0
TSK-1108,Stockpile Rehandling,Sunny,Intermediate,4.1,62.2,68.4
TSK-1109,Slope Grading,Extreme Heat,Novice,2.1,84.7,110.3
TSK-1110,Pipe Laying,Muddy/Wet,Novice,5.7,116.3,212.6
TSK-1111,Trenching,Fog/Low Visibility,Intermediate,3.3,121.7,143.2
TSK-1112,Truck Loading,High Wind,Novice,7.2,41.4,70.4
TSK-1113,Slope Grading,Fog/Low Visibility,Expert,6.8,94.7,97.5
TSK-1114,Mass Excavation,Sunny,Expert,4.5,141.5,121.1
TSK-1115,Pipe Laying,Fog/Low Visibility,Intermediate,4.3,102.7,117.8
TSK-1116,Mass Excavation,Rain,Expert,3.8,153.9,180.4
TSK-1117,Pipe Laying,Fog/Low Visibility,Novice,11.1,114.4,187.9
TSK-1118,Trenching,Sunny,Intermediate,4.3,127.6,138.7
TSK-1119,Truck Loading,Fog/Low Visibility,Novice,3.9,42.4,63.5
TSK-1120,Slope Grading,Muddy/Wet,Expert,5.2,85.8,105.0
TSK-1121,Trenching,Sunny,Expert,8.6,122.5,126.9
TSK-1122,Truck Loading,Extreme Heat,Expert,7.3,47.1,49.8
TSK-1123,Truck Loading,Fog/Low Visibility,Intermediate,3.6,45.5,54.8
TSK-1124,Mass Excavation,Fog/Low Visibility,Expert,6.1,155.5,167.1
TSK-1125,Mass Excavation,Fog/Low Visibility,Novice,8.4,161.5,241.8
TSK-1126,Trenching,High Wind,Expert,9.3,124.6,143.0
TSK-1127,Pipe Laying,High Wind,Intermediate,1.3,107.4,136.3
TSK-1128,Mass Excavation,Sunny,Expert,3.0,144.8,131.9
TSK-1129,Slope Grading,Muddy/Wet,Expert,6.7,93.8,116.7
TSK-1130,Slope Grading,Muddy/Wet,Intermediate,8.6,91.7,135.4
TSK-1131,Mass Excavation,Rain,Intermediate,9.7,160.1,236.4
TSK-1132,Truck Loading,Sunny,Expert,2.3,42.5,37.2
TSK-1133,Pipe Laying,Muddy/Wet,Intermediate,9.2,108.5,176.7
TSK-1134,Pipe Laying,Muddy/Wet,Expert,8.6,106.8,144.8
TSK-1135,Mass Excavation,Fog/Low Visibility,Expert,4.3,160.0,172.0
TSK-1136,Trenching,Rain,Intermediate,9.8,116.9,170.8
TSK-1137,Pipe Laying,Rain,Expert,7.3,104.5,122.0
TSK-1138,Slope Grading,Extreme Heat,Intermediate,8.4,86.7,100.6
TSK-1139,Mass Excavation,Muddy/Wet,Intermediate,9.7,145.3,232.6
TSK-1140,Mass Excavation,Sunny,Intermediate,9.2,156.7,188.6
TSK-1141,Truck Loading,Fog/Low Visibility,Novice,9.3,47.9,74.3
TSK-1142,Slope Grading,High Wind,Expert,10.2,87.3,103.3
TSK-1143,Trenching,Fog/Low Visibility,Expert,11.4,114.3,127.6
TSK-1144,Truck Loading,Extreme Heat,Expert,2.0,43.6,39.2
TSK-1145,Pipe Laying,Sunny,Intermediate,5.8,102.0,110.1
TSK-1146,Stockpile Rehandling,Extreme Heat,Intermediate,1.0,62.5,70.0
TSK-1147,Mass Excavation,Muddy/Wet,Novice,2.9,144.6,244.0
TSK-1148,Truck Loading,Extreme Heat,Novice,3.7,42.5,55.5
TSK-1149,Pipe Laying,Fog/Low Visibility,Expert,1.9,110.7,112.7
TSK-1150,Slope Grading,Rain,Expert,9.4,91.1,111.2
TSK-1151,Slope Grading,Fog/Low Visibility,Intermediate,6.6,83.5,99.1
TSK-1152,Stockpile Rehandling,Sunny,Novice,4.9,56.0,71.7
TSK-1153,Stockpile Rehandling,Fog/Low Visibility,Expert,7.5,61.8,67.7
TSK-1154,Slope Grading,Muddy/Wet,Intermediate,9.5,93.1,151.1
TSK-1155,Pipe Laying,Sunny,Intermediate,6.9,102.8,117.1
TSK-1156,Stockpile Rehandling,High Wind,Novice,5.7,61.8,100.2
TSK-1157,Truck Loading,High Wind,Novice,10.9,42.4,77.1
TSK-1158,Slope Grading,Muddy/Wet,Intermediate,2.8,96.0,132.4
TSK-1159,Slope Grading,High Wind,Intermediate,1.1,89.6,107.7
TSK-1160,Truck Loading,Rain,Intermediate,9.0,45.8,64.0
TSK-1161,Trenching,High Wind,Expert,9.3,116.7,141.3
TSK-1162,Slope Grading,Fog/Low Visibility,Intermediate,5.1,88.8,110.1
TSK-1163,Pipe Laying,Rain,Intermediate,4.9,107.2,150.8
TSK-1164,Pipe Laying,High Wind,Intermediate,6.9,107.2,144.7
TSK-1165,Mass Excavation,Extreme Heat,Expert,1.6,160.3,153.7
TSK-1166,Truck Loading,Sunny,Expert,7.2,43.7,39.7
TSK-1167,Truck Loading,Rain,Intermediate,11.0,41.9,60.5
TSK-1168,Pipe Laying,High Wind,Intermediate,6.1,112.8,139.4
TSK-1169,Mass Excavation,Fog/Low Visibility,Expert,9.5,156.2,182.1
TSK-1170,Truck Loading,Fog/Low Visibility,Intermediate,5.0,45.6,53.6
TSK-1171,Stockpile Rehandling,Muddy/Wet,Intermediate,6.9,64.0,94.8
TSK-1172,Truck Loading,Extreme Heat,Intermediate,11.4,45.6,59.5
TSK-1173,Pipe Laying,High Wind,Novice,9.9,102.3,183.0
TSK-1174,Trenching,Sunny,Expert,6.8,129.2,116.6
TSK-1175,Slope Grading,Sunny,Novice,5.4,91.3,121.4
TSK-1176,Stockpile Rehandling,High Wind,Intermediate,4.9,60.4,78.2
TSK-1177,Truck Loading,Rain,Novice,6.7,47.5,80.3
TSK-1178,Truck Loading,Rain,Intermediate,11.5,46.2,67.5
TSK-1179,Trenching,Extreme Heat,Novice,2.3,127.4,175.2
TSK-1180,Mass Excavation,Sunny,Novice,7.7,148.0,201.3
TSK-1181,Stockpile Rehandling,Fog/Low Visibility,Intermediate,7.5,59.6,75.5
TSK-1182,Truck Loading,High Wind,Intermediate,3.2,44.5,51.5
TSK-1183,Truck Loading,Extreme Heat,Novice,8.4,43.3,68.1
TSK-1184,Pipe Laying,Muddy/Wet,Novice,11.3,111.2,229.2
TSK-1185,Trenching,Fog/Low Visibility,Intermediate,11.1,111.9,156.7
TSK-1186,Pipe Laying,Muddy/Wet,Intermediate,6.3,110.4,167.8
TSK-1187,Mass Excavation,High Wind,Expert,8.7,161.0,179.8
TSK-1188,Stockpile Rehandling,Fog/Low Visibility,Expert,4.1,55.7,56.5
TSK-1189,Trenching,High Wind,Intermediate,6.3,119.4,160.2
TSK-1190,Truck Loading,Muddy/Wet,Intermediate,3.9,41.7,62.8
TSK-1191,Stockpile Rehandling,Muddy/Wet,Expert,9.2,57.7,80.0
TSK-1192,Pipe Laying,Rain,Expert,1.4,118.6,138.5
TSK-1193,Pipe Laying,Sunny,Intermediate,6.0,103.4,106.1
TSK-1194,Slope Grading,Muddy/Wet,Novice,7.4,86.8,158.2
TSK-1195,Stockpile Rehandling,Sunny,Expert,2.7,60.9,51.3
TSK-1196,Truck Loading,Muddy/Wet,Novice,3.6,46.4,80.9
TSK-1197,Pipe Laying,Sunny,Intermediate,11.3,118.2,142.2
TSK-1198,Mass Excavation,High Wind,Intermediate,9.0,143.7,195.6
TSK-1199,Stockpile Rehandling,Rain,Novice,7.0,63.3,103.5
TSK-1200,Slope Grading,Sunny,Novice,2.6,88.5,108.0
TSK-1201,Stockpile Rehandling,Fog/Low Visibility,Novice,4.9,62.0,92.2
TSK-1202,Mass Excavation,Fog/Low Visibility,Intermediate,0.9,160.3,186.9
TSK-1203,Stockpile Rehandling,Muddy/Wet,Expert,8.1,55.6,78.1
TSK-1204,Stockpile Rehandling,Muddy/Wet,Intermediate,7.3,61.5,91.4
TSK-1205,Slope Grading,Muddy/Wet,Novice,3.5,91.2,158.2
TSK-1206,Stockpile Rehandling,Extreme Heat,Novice,8.7,60.9,88.2
TSK-1207,Slope Grading,Extreme Heat,Expert,11.4,87.3,91.2
TSK-1208,Trenching,Sunny,Novice,5.2,120.5,160.8
TSK-1209,Slope Grading,Rain,Expert,3.8,85.6,92.4
TSK-1210,Trenching,Sunny,Expert,7.8,126.4,128.5
TSK-1211,Stockpile Rehandling,Sunny,Expert,11.0,56.0,57.9
TSK-1212,Truck Loading,Extreme Heat,Expert,6.9,48.4,51.9
TSK-1213,Stockpile Rehandling,Rain,Intermediate,4.0,61.5,77.7
TSK-1214,Truck Loading,Muddy/Wet,Intermediate,8.2,46.2,74.1
TSK-1215,Slope Grading,Rain,Novice,3.8,83.7,134.2
TSK-1216,Trenching,Muddy/Wet,Intermediate,2.7,111.7,166.3
TSK-1217,Mass Excavation,Fog/Low Visibility,Intermediate,2.7,149.8,168.2
TSK-1218,Truck Loading,Rain,Expert,7.7,48.0,60.7
TSK-1219,Trenching,Sunny,Novice,1.6,124.4,160.7
TSK-1220,Trenching,High Wind,Novice,7.8,110.4,171.4
TSK-1221,Truck Loading,Muddy/Wet,Novice,8.3,47.9,92.2
TSK-1222,Pipe Laying,Extreme Heat,Intermediate,5.9,108.3,129.7
TSK-1223,Trenching,Fog/Low Visibility,Novice,0.8,128.7,192.1
TSK-1224,Truck Loading,Sunny,Expert,6.5,48.5,44.8
TSK-1225,Slope Grading,High Wind,Novice,7.6,96.6,150.5
TSK-1226,Pipe Laying,Muddy/Wet,Novice,9.8,114.6,218.9
TSK-1227,Mass Excavation,Rain,Expert,1.2,147.2,159.7
TSK-1228,Stockpile Rehandling,High Wind,Novice,7.5,58.6,91.0
TSK-1229,Stockpile Rehandling,High Wind,Expert,2.8,55.5,55.3
TSK-1230,Pipe Laying,Rain,Intermediate,5.0,115.2,159.1
TSK-1231,Truck Loading,Fog/Low Visibility,Intermediate,11.1,41.5,55.5
TSK-1232,Slope Grading,Extreme Heat,Novice,5.1,85.8,122.9
TSK-1233,Pipe Laying,High Wind,Expert,10.1,110.6,137.2
TSK-1234,Mass Excavation,Sunny,Novice,8.7,149.7,196.4
TSK-1235,Pipe Laying,Sunny,Novice,8.3,103.5,137.5
TSK-1236,Trenching,Muddy/Wet,Novice,5.7,113.7,209.0
TSK-1237,Trenching,Sunny,Intermediate,7.2,122.2,128.0
TSK-1238,Mass Excavation,High Wind,Intermediate,9.5,161.6,228.3
TSK-1239,Slope Grading,Sunny,Expert,7.0,84.8,83.8
TSK-1240,Mass Excavation,Sunny,Expert,2.7,139.5,119.4
TSK-1241,Truck Loading,Rain,Expert,4.8,42.6,48.2
TSK-1242,Pipe Laying,Sunny,Novice,1.9,116.1,147.1
TSK-1243,Mass Excavation,Sunny,Intermediate,1.7,138.2,148.2
TSK-1244,Stockpile Rehandling,Extreme Heat,Expert,10.3,59.2,66.9
TSK-1245,Truck Loading,Extreme Heat,Novice,3.0,46.0,62.3
TSK-1246,Truck Loading,Rain,Novice,7.3,41.7,69.7
TSK-1247,Truck Loading,Fog/Low Visibility,Novice,7.5,47.0,72.3
TSK-1248,Trenching,Fog/Low Visibility,Novice,2.9,129.3,196.5
TSK-1249,Pipe Laying,Muddy/Wet,Expert,6.2,109.4,143.5
TSK-1250,Mass Excavation,Muddy/Wet,Novice,2.9,157.1,277.0
TSK-1251,Truck Loading,High Wind,Novice,2.5,48.0,68.1
TSK-1252,Slope Grading,Muddy/Wet,Novice,5.5,87.6,164.5
TSK-1253,Truck Loading,Sunny,Novice,8.7,48.1,64.4
TSK-1254,Trenching,High Wind,Expert,2.0,127.6,138.3
TSK-1255,Pipe Laying,Fog/Low Visibility,Intermediate,5.3,114.3,146.9
TSK-1256,Mass Excavation,Sunny,Intermediate,3.2,143.7,145.6
TSK-1257,Mass Excavation,High Wind,Novice,1.6,152.0,215.8
TSK-1258,Truck Loading,Rain,Novice,10.7,44.7,81.4
TSK-1259,Mass Excavation,High Wind,Expert,2.9,146.6,150.5
TSK-1260,Slope Grading,Rain,Novice,8.2,83.7,141.4
TSK-1261,Truck Loading,High Wind,Intermediate,2.6,43.9,56.2
TSK-1262,Pipe Laying,Rain,Expert,11.0,117.1,154.4
TSK-1263,Pipe Laying,Rain,Novice,5.2,110.4,192.4
TSK-1264,Mass Excavation,Fog/Low Visibility,Intermediate,9.8,144.7,198.1
TSK-1265,Stockpile Rehandling,Rain,Novice,4.3,60.8,104.5
TSK-1266,Pipe Laying,Rain,Expert,10.4,108.6,132.8
TSK-1267,Truck Loading,Extreme Heat,Expert,1.2,45.2,42.9
TSK-1268,Stockpile Rehandling,Sunny,Intermediate,6.1,56.0,62.5
TSK-1269,Stockpile Rehandling,Extreme Heat,Intermediate,11.0,56.5,70.4
TSK-1270,Stockpile Rehandling,Sunny,Novice,5.9,58.1,78.7
TSK-1271,Pipe Laying,Extreme Heat,Expert,1.1,109.2,107.2
TSK-1272,Stockpile Rehandling,High Wind,Novice,9.3,58.8,98.9
TSK-1273,Stockpile Rehandling,Sunny,Expert,1.6,63.8,55.0
TSK-1274,Trenching,Muddy/Wet,Intermediate,8.9,123.8,197.5
TSK-1275,Pipe Laying,Rain,Expert,1.7,116.7,135.2
TSK-1276,Trenching,Fog/Low Visibility,Expert,4.7,111.4,114.9
TSK-1277,Truck Loading,Fog/Low Visibility,Novice,4.7,42.7,63.9
TSK-1278,Trenching,Fog/Low Visibility,Expert,9.1,113.1,125.9
TSK-1279,Pipe Laying,Sunny,Expert,5.9,117.7,110.6
TSK-1280,Stockpile Rehandling,Rain,Expert,8.9,58.3,76.9
TSK-1281,Pipe Laying,Extreme Heat,Intermediate,3.8,102.3,112.4
TSK-1282,Truck Loading,Fog/Low Visibility,Expert,9.7,44.8,51.6
TSK-1283,Pipe Laying,Muddy/Wet,Intermediate,7.4,115.3,186.0
TSK-1284,Trenching,Rain,Intermediate,1.7,117.9,148.0
TSK-1285,Trenching,Sunny,Novice,3.8,123.8,157.2
TSK-1286,Mass Excavation,Fog/Low Visibility,Expert,1.0,148.0,153.1
TSK-1287,Mass Excavation,High Wind,Intermediate,5.3,155.7,187.9
TSK-1288,Mass Excavation,Sunny,Novice,10.1,143.6,216.0
TSK-1289,Stockpile Rehandling,Muddy/Wet,Intermediate,7.0,61.5,96.7
TSK-1290,Truck Loading,Fog/Low Visibility,Expert,8.3,47.5,52.8
TSK-1291,Slope Grading,Fog/Low Visibility,Novice,10.4,87.2,148.9
TSK-1292,Mass Excavation,High Wind,Intermediate,11.2,156.5,210.9
TSK-1293,Slope Grading,Muddy/Wet,Intermediate,11.0,91.7,143.6
TSK-1294,Pipe Laying,Muddy/Wet,Novice,11.2,116.0,238.3
TSK-1295,Stockpile Rehandling,Rain,Novice,3.3,55.6,87.5
TSK-1296,Mass Excavation,High Wind,Intermediate,4.8,142.9,185.7
TSK-1297,Stockpile Rehandling,Muddy/Wet,Intermediate,2.4,59.5,88.5
TSK-1298,Pipe Laying,Muddy/Wet,Novice,10.6,108.3,215.2
TSK-1299,Mass Excavation,High Wind,Intermediate,2.5,161.3,198.5
TSK-1300,Pipe Laying,Muddy/Wet,Expert,8.3,109.5,143.4
TSK-1301,Pipe Laying,Extreme Heat,Novice,9.4,114.0,182.4
TSK-1302,Slope Grading,Extreme Heat,Novice,8.6,95.8,137.6
TSK-1303,Pipe Laying,Sunny,Intermediate,1.1,112.1,110.5
TSK-1304,Slope Grading,Sunny,Intermediate,1.4,92.0,94.8
TSK-1305,Mass Excavation,Muddy/Wet,Novice,1.0,150.9,258.6
TSK-1306,Stockpile Rehandling,Sunny,Expert,5.0,59.9,55.5
TSK-1307,Pipe Laying,Sunny,Expert,4.7,103.8,98.5
TSK-1308,Slope Grading,High Wind,Intermediate,0.9,87.8,105.0
TSK-1309,Truck Loading,Fog/Low Visibility,Novice,3.1,47.8,70.8
TSK-1310,Truck Loading,High Wind,Intermediate,2.6,46.6,59.8
TSK-1311,Stockpile Rehandling,High Wind,Novice,9.7,60.9,99.2
TSK-1312,Slope Grading,High Wind,Expert,11.4,83.8,109.1
TSK-1313,Truck Loading,Sunny,Novice,5.2,48.0,62.0
TSK-1314,Pipe Laying,High Wind,Expert,6.9,117.3,128.7
TSK-1315,Truck Loading,Muddy/Wet,Expert,6.0,47.3,59.4
TSK-1316,Pipe Laying,Muddy/Wet,Intermediate,6.8,109.4,156.3
TSK-1317,Trenching,Rain,Intermediate,4.0,122.7,166.1
TSK-1318,Trenching,Extreme Heat,Expert,10.4,118.4,129.1
TSK-1319,Stockpile Rehandling,Extreme Heat,Novice,1.1,62.5,84.3
TSK-1320,Trenching,Fog/Low Visibility,Expert,4.7,119.6,124.2
TSK-1321,Slope Grading,Extreme Heat,Expert,5.9,92.8,89.1
TSK-1322,Pipe Laying,Extreme Heat,Expert,1.0,105.8,101.5
TSK-1323,Mass Excavation,Muddy/Wet,Intermediate,10.2,141.3,218.3
TSK-1324,Slope Grading,Muddy/Wet,Intermediate,7.6,96.6,140.4
TSK-1325,Slope Grading,Fog/Low Visibility,Expert,10.8,90.2,108.9
TSK-1326,Mass Excavation,Sunny,Expert,8.9,151.0,155.2
TSK-1327,Stockpile Rehandling,Muddy/Wet,Intermediate,8.1,61.8,91.2
TSK-1328,Pipe Laying,Muddy/Wet,Novice,0.9,110.3,187.4
TSK-1329,Truck Loading,High Wind,Intermediate,10.7,42.6,58.1
TSK-1330,Pipe Laying,Rain,Novice,9.3,111.0,204.5
TSK-1331,Pipe Laying,Fog/Low Visibility,Expert,6.7,114.5,118.7
TSK-1332,Truck Loading,Sunny,Novice,9.6,48.0,67.8
TSK-1333,Slope Grading,Extreme Heat,Intermediate,2.3,89.2,104.0
TSK-1334,Pipe Laying,Muddy/Wet,Novice,8.4,101.7,201.7
TSK-1335,Mass Excavation,Rain,Expert,2.3,143.4,154.3
TSK-1336,Mass Excavation,Sunny,Intermediate,8.2,156.8,167.6
TSK-1337,Truck Loading,High Wind,Novice,2.9,41.6,63.6
TSK-1338,Pipe Laying,Sunny,Intermediate,2.1,105.7,102.2
TSK-1339,Stockpile Rehandling,Sunny,Novice,9.2,64.0,86.7
TSK-1340,Mass Excavation,Rain,Expert,4.6,140.2,169.7
TSK-1341,Slope Grading,Fog/Low Visibility,Intermediate,4.6,95.1,119.0
TSK-1342,Pipe Laying,Rain,Expert,6.9,102.9,126.1
TSK-1343,Trenching,Fog/Low Visibility,Novice,8.5,128.9,197.6
TSK-1344,Pipe Laying,Sunny,Expert,1.9,105.0,92.4
TSK-1345,Stockpile Rehandling,High Wind,Intermediate,8.3,57.0,78.8
TSK-1346,Trenching,Rain,Intermediate,11.3,118.5,180.7
TSK-1347,Truck Loading,Sunny,Intermediate,2.1,42.2,41.2
TSK-1348,Slope Grading,Extreme Heat,Intermediate,6.8,83.4,96.8
TSK-1349,Trenching,High Wind,Intermediate,5.7,124.5,164.2
TSK-1350,Truck Loading,Rain,Expert,5.2,48.5,56.5
TSK-1351,Trenching,High Wind,Expert,4.7,110.6,123.3
TSK-1352,Stockpile Rehandling,Sunny,Intermediate,5.5,61.5,62.6
TSK-1353,Mass Excavation,High Wind,Intermediate,8.2,161.5,224.6
TSK-1354,Mass Excavation,Sunny,Intermediate,11.2,146.1,175.4
TSK-1355,Truck Loading,Sunny,Novice,9.8,46.6,64.4
TSK-1356,Stockpile Rehandling,Fog/Low Visibility,Expert,3.7,62.8,65.6
TSK-1357,Truck Loading,Muddy/Wet,Intermediate,7.9,48.2,78.9
TSK-1358,Pipe Laying,Muddy/Wet,Novice,9.0,103.1,193.2
TSK-1359,Truck Loading,Rain,Expert,10.9,41.6,55.8
TSK-1360,Trenching,High Wind,Expert,1.1,113.8,121.7
TSK-1361,Slope Grading,Rain,Intermediate,7.5,84.2,113.7
TSK-1362,Pipe Laying,High Wind,Intermediate,3.0,112.9,138.0
TSK-1363,Slope Grading,Fog/Low Visibility,Intermediate,9.5,90.6,113.1
TSK-1364,Trenching,High Wind,Novice,4.9,116.4,178.5
TSK-1365,Truck Loading,Sunny,Novice,2.7,46.1,59.6
TSK-1366,Stockpile Rehandling,Rain,Intermediate,5.4,58.2,78.6
TSK-1367,Trenching,Fog/Low Visibility,Expert,6.0,121.0,130.4
TSK-1368,Truck Loading,High Wind,Expert,9.9,45.0,53.4
TSK-1369,Truck Loading,Fog/Low Visibility,Intermediate,7.4,43.9,59.2
TSK-1370,Slope Grading,Sunny,Novice,7.1,84.6,112.6
TSK-1371,Stockpile Rehandling,Fog/Low Visibility,Novice,9.0,61.2,97.1
TSK-1372,Truck Loading,Muddy/Wet,Intermediate,5.2,41.8,59.5
TSK-1373,Mass Excavation,Extreme Heat,Intermediate,7.1,159.8,180.5
TSK-1374,Slope Grading,Sunny,Intermediate,2.6,90.6,87.3
TSK-1375,Stockpile Rehandling,High Wind,Expert,6.3,59.2,62.8
TSK-1376,Truck Loading,Fog/Low Visibility,Novice,11.3,44.1,72.9
TSK-1377,Pipe Laying,Sunny,Intermediate,1.9,113.1,113.1
TSK-1378,Pipe Laying,Extreme Heat,Intermediate,2.6,106.5,123.9
TSK-1379,Mass Excavation,High Wind,Expert,9.9,156.9,196.3
TSK-1380,Pipe Laying,Rain,Intermediate,3.6,106.4,141.8
TSK-1381,Mass Excavation,Fog/Low Visibility,Expert,11.0,155.2,183.9
TSK-1382,Pipe Laying,Muddy/Wet,Intermediate,1.5,115.3,161.8
TSK-1383,Mass Excavation,Muddy/Wet,Novice,7.8,145.2,284.5
TSK-1384,Truck Loading,Extreme Heat,Expert,4.2,44.4,41.9
TSK-1385,Pipe Laying,High Wind,Expert,9.0,104.4,116.3
TSK-1386,Stockpile Rehandling,Fog/Low Visibility,Novice,7.0,57.2,93.7
TSK-1387,Stockpile Rehandling,High Wind,Intermediate,10.8,60.3,86.5
TSK-1388,Truck Loading,Fog/Low Visibility,Expert,7.5,45.2,49.0
TSK-1389,Mass Excavation,Rain,Novice,8.8,156.4,290.8
TSK-1390,Truck Loading,Muddy/Wet,Novice,7.6,47.5,87.0
TSK-1391,Slope Grading,Extreme Heat,Novice,3.5,91.5,123.4
TSK-1392,Trenching,Rain,Novice,1.1,125.7,196.5
TSK-1393,Truck Loading,Fog/Low Visibility,Intermediate,5.3,47.9,56.7
TSK-1394,Slope Grading,Rain,Novice,3.6,94.4,155.8
TSK-1395,Mass Excavation,Extreme Heat,Novice,11.1,149.7,221.3
TSK-1396,Trenching,Muddy/Wet,Expert,4.0,111.6,145.8
TSK-1397,Slope Grading,Extreme Heat,Expert,10.3,88.5,100.3
TSK-1398,Mass Excavation,Rain,Novice,6.9,150.0,246.9
TSK-1399,Stockpile Rehandling,Fog/Low Visibility,Expert,3.5,63.7,63.1
TSK-1400,Trenching,Muddy/Wet,Intermediate,9.7,124.6,206.2
TSK-1401,Stockpile Rehandling,Rain,Intermediate,3.1,56.2,71.0
TSK-1402,Slope Grading,High Wind,Intermediate,3.5,91.3,112.7
TSK-1403,Slope Grading,Extreme Heat,Novice,4.2,88.9,125.6
TSK-1404,Slope Grading,Rain,Intermediate,5.9,88.1,118.9
TSK-1405,Stockpile Rehandling,Fog/Low Visibility,Novice,9.8,61.6,105.9
TSK-1406,Stockpile Rehandling,Extreme Heat,Novice,3.5,58.9,81.6
TSK-1407,Stockpile Rehandling,Muddy/Wet,Expert,2.1,63.5,80.4
TSK-1408,Truck Loading,Sunny,Intermediate,10.7,48.0,55.1
TSK-1409,Mass Excavation,Muddy/Wet,Novice,10.0,141.8,276.8
TSK-1410,Slope Grading,Extreme Heat,Intermediate,9.2,86.7,101.9
TSK-1411,Truck Loading,High Wind,Expert,5.2,47.5,53.7
TSK-1412,Trenching,Rain,Expert,3.6,111.7,126.1
TSK-1413,Stockpile Rehandling,Fog/Low Visibility,Expert,4.3,61.9,66.3
TSK-1414,Stockpile Rehandling,Extreme Heat,Novice,7.5,62.8,88.4
TSK-1415,Truck Loading,Rain,Expert,4.1,45.5,49.9
TSK-1416,Mass Excavation,Fog/Low Visibility,Expert,11.2,157.9,191.9
TSK-1417,Pipe Laying,Extreme Heat,Intermediate,9.3,106.8,132.1
TSK-1418,Stockpile Rehandling,Rain,Intermediate,2.7,60.9,77.9
TSK-1419,Slope Grading,Rain,Novice,5.2,85.4,149.1
TSK-1420,Pipe Laying,Rain,Novice,10.9,117.4,221.4
TSK-1421,Stockpile Rehandling,Rain,Novice,11.2,57.1,108.9
TSK-1422,Mass Excavation,Sunny,Intermediate,7.4,152.4,162.0
TSK-1423,Slope Grading,Rain,Expert,2.1,93.1,104.1
TSK-1424,Truck Loading,Extreme Heat,Intermediate,2.1,46.5,49.3
TSK-1425,Slope Grading,Muddy/Wet,Expert,6.1,84.7,113.9
TSK-1426,Pipe Laying,Rain,Intermediate,8.6,104.5,145.9
TSK-1427,Mass Excavation,Sunny,Intermediate,11.2,143.7,169.6
TSK-1428,Mass Excavation,Muddy/Wet,Expert,8.1,149.0,187.7
TSK-1429,Mass Excavation,Muddy/Wet,Expert,5.1,143.1,178.5
TSK-1430,Truck Loading,Extreme Heat,Expert,3.5,42.1,38.3
TSK-1431,Slope Grading,Rain,Intermediate,10.5,97.2,153.6
TSK-1432,Pipe Laying,Extreme Heat,Expert,9.5,101.3,108.9
TSK-1433,Truck Loading,Muddy/Wet,Intermediate,8.0,42.4,68.7
TSK-1434,Trenching,Fog/Low Visibility,Novice,3.6,120.1,183.7
TSK-1435,Truck Loading,Rain,Novice,4.2,45.2,70.9
TSK-1436,Trenching,Muddy/Wet,Novice,11.3,120.0,255.1
TSK-1437,Slope Grading,Extreme Heat,Intermediate,10.7,86.9,115.5
TSK-1438,Pipe Laying,Muddy/Wet,Expert,4.1,116.9,141.9
TSK-1439,Truck Loading,Rain,Expert,9.9,46.1,61.2
TSK-1440,Trenching,Rain,Novice,1.4,113.9,181.6
TSK-1441,Mass Excavation,Extreme Heat,Intermediate,5.5,161.9,196.9
TSK-1442,Trenching,High Wind,Intermediate,11.4,121.2,172.4
TSK-1443,Trenching,Extreme Heat,Novice,2.1,112.2,158.2
TSK-1444,Mass Excavation,Rain,Expert,6.2,144.5,181.3
TSK-1445,Pipe Laying,Rain,Expert,11.5,101.3,137.8
TSK-1446,Mass Excavation,High Wind,Novice,3.4,150.0,215.8
TSK-1447,Slope Grading,Sunny,Intermediate,8.1,92.6,102.8
TSK-1448,Pipe Laying,Sunny,Intermediate,2.4,102.6,108.8
TSK-1449,Stockpile Rehandling,High Wind,Intermediate,7.5,57.8,78.6
TSK-1450,Slope Grading,Sunny,Expert,7.5,89.3,90.3
TSK-1451,Stockpile Rehandling,Fog/Low Visibility,Novice,3.1,55.7,81.6
TSK-1452,Slope Grading,Sunny,Expert,1.6,96.5,83.7
TSK-1453,Truck Loading,Muddy/Wet,Novice,3.4,47.0,80.7
TSK-1454,Trenching,Rain,Novice,5.0,118.1,200.0
TSK-1455,Stockpile Rehandling,Rain,Novice,4.0,62.9,105.6
TSK-1456,Slope Grading,Extreme Heat,Expert,2.2,92.4,91.3
TSK-1457,Pipe Laying,Rain,Intermediate,5.6,108.0,144.2
TSK-1458,Pipe Laying,High Wind,Novice,8.9,115.5,196.3
TSK-1459,Truck Loading,Extreme Heat,Intermediate,1.8,45.1,52.5
TSK-1460,Stockpile Rehandling,Rain,Expert,8.1,56.7,70.3
TSK-1461,Stockpile Rehandling,Extreme Heat,Expert,1.7,59.7,53.9
TSK-1462,Truck Loading,Muddy/Wet,Novice,11.3,46.3,90.9
TSK-1463,Mass Excavation,Fog/Low Visibility,Intermediate,4.0,139.1,158.0
TSK-1464,Trenching,Fog/Low Visibility,Novice,6.3,118.3,180.5
TSK-1465,Stockpile Rehandling,Fog/Low Visibility,Intermediate,4.6,60.8,76.0
TSK-1466,Trenching,Sunny,Expert,7.9,113.8,105.8
TSK-1467,Truck Loading,Sunny,Novice,5.3,46.5,59.4
TSK-1468,Stockpile Rehandling,High Wind,Expert,5.6,63.0,68.7
TSK-1469,Mass Excavation,Rain,Novice,1.6,161.6,251.1
TSK-1470,Stockpile Rehandling,Sunny,Intermediate,6.5,55.3,57.6
TSK-1471,Mass Excavation,Extreme Heat,Intermediate,5.7,147.7,174.7
TSK-1472,Stockpile Rehandling,Fog/Low Visibility,Expert,6.0,61.1,69.3
TSK-1473,Slope Grading,Extreme Heat,Expert,11.1,92.5,105.9
TSK-1474,Trenching,Rain,Novice,0.9,112.5,169.5
TSK-1475,Mass Excavation,Sunny,Novice,5.9,141.5,181.3
TSK-1476,Stockpile Rehandling,Fog/Low Visibility,Novice,1.7,62.6,86.2
TSK-1477,Truck Loading,Sunny,Novice,2.6,42.5,54.4
TSK-1478,Truck Loading,High Wind,Novice,10.0,45.6,75.2
TSK-1479,Pipe Laying,High Wind,Novice,4.4,103.0,165.5
TSK-1480,Truck Loading,High Wind,Intermediate,8.7,45.7,62.7
TSK-1481,Slope Grading,Sunny,Intermediate,5.1,90.2,98.5
TSK-1482,Stockpile Rehandling,High Wind,Novice,8.4,60.3,99.3
TSK-1483,Slope Grading,Fog/Low Visibility,Novice,3.7,92.1,140.5
TSK-1484,Trenching,High Wind,Expert,10.8,117.1,146.3
TSK-1485,Trenching,Rain,Intermediate,8.6,119.4,172.1
TSK-1486,Pipe Laying,Rain,Expert,10.5,107.2,140.6
TSK-1487,Stockpile Rehandling,Extreme Heat,Intermediate,2.2,58.0,65.5
TSK-1488,Truck Loading,Extreme Heat,Expert,8.7,47.1,51.7
TSK-1489,Mass Excavation,Fog/Low Visibility,Novice,3.8,156.0,232.4
TSK-1490,Mass Excavation,Rain,Novice,2.5,149.8,248.1
TSK-1491,Truck Loading,Muddy/Wet,Novice,3.0,41.7,67.8
TSK-1492,Slope Grading,Muddy/Wet,Expert,2.5,94.7,120.4
TSK-1493,Trenching,Sunny,Intermediate,5.4,122.3,124.8
TSK-1494,Mass Excavation,High Wind,Intermediate,11.4,156.8,231.4
TSK-1495,Pipe Laying,Muddy/Wet,Novice,9.9,116.6,231.8
TSK-1496,Trenching,Extreme Heat,Novice,10.7,118.8,184.1
TSK-1497,Trenching,Sunny,Expert,7.3,126.9,115.5
TSK-1498,Pipe Laying,Sunny,Expert,1.9,112.3,103.2
TSK-1499,Slope Grading,Rain,Expert,3.9,89.2,102.4
TSK-1500,Stockpile Rehandling,Sunny,Novice,7.7,58.4,76.4
