timestamp,machine_id,operator_id,task_id,speed,load,cycle_count,idle_time,fuel_used,energy_used,engine_temperature,machine_tilt,slope,acceleration,braking,seatbelt_status,hydraulic_pressure,battery_soc,battery_temperature,charging_status
2026-09-14T07:40:00Z,CAT-336-EX01,OP1001,TSK-113,3.8,86.5,21,11.3,510.7,1250.0,85.8,6.5,7.2,1.06,0.18,Fastened,4718.0,100.0,0.0,N/A
2026-09-14T08:08:00Z,CAT-336-EX01,OP1001,TSK-111,3.8,79.2,19,17.5,535.8,1250.0,82.1,3.2,5.1,0.7,0.64,Fastened,4525.0,100.0,0.0,N/A
2026-09-14T09:55:00Z,CAT-336-EX01,OP1001,TSK-108,2.7,73.0,33,11.9,558.3,1250.0,89.9,5.8,6.2,0.3,1.07,Fastened,4383.0,100.0,0.0,N/A
2026-09-14T10:41:00Z,CAT-336-EX01,OP1001,TSK-109,2.0,66.0,29,15.4,586.1,1250.0,87.3,9.6,9.2,0.82,0.31,Fastened,4381.0,100.0,0.0,N/A
2026-09-14T11:37:00Z,CAT-336-EX01,OP1001,TSK-112,2.6,79.1,20,17.1,613.4,1250.0,86.5,2.3,4.6,0.84,0.57,Fastened,4759.0,100.0,0.0,N/A
2026-09-14T12:46:00Z,CAT-336-EX01,OP1001,TSK-125,3.5,58.6,23,12.5,639.7,1250.0,87.0,2.5,3.7,0.54,0.21,Fastened,4346.0,100.0,0.0,N/A
2026-09-14T13:13:00Z,CAT-336-EX01,OP1001,TSK-128,1.0,47.3,27,11.4,664.6,1250.0,82.1,8.1,8.3,0.54,0.63,Fastened,4456.0,100.0,0.0,N/A
2026-09-14T14:18:00Z,CAT-336-EX01,OP1001,TSK-108,2.3,48.2,19,19.0,683.8,1250.0,83.1,6.1,3.4,1.12,0.77,Fastened,4793.0,100.0,0.0,N/A
2026-09-14T15:35:00Z,CAT-336-EX01,OP1001,TSK-107,3.0,63.4,19,13.3,704.7,1250.0,84.5,9.7,7.5,0.3,0.36,Fastened,4614.0,100.0,0.0,N/A
2026-09-14T16:47:00Z,CAT-336-EX01,OP1001,TSK-127,1.7,56.4,24,10.8,735.4,1250.0,83.4,5.5,5.8,0.27,0.97,Fastened,4646.0,100.0,0.0,N/A
2026-09-14T17:20:00Z,CAT-336-EX01,OP1001,TSK-120,2.3,56.7,33,13.3,763.7,1250.0,84.4,7.4,5.9,0.31,1.16,Fastened,4827.0,100.0,0.0,N/A
2026-09-15T07:19:00Z,CAT-336-EX01,OP1001,TSK-103,2.7,64.0,26,11.9,788.6,1250.0,86.5,4.1,3.6,0.69,0.45,Fastened,4278.0,100.0,0.0,N/A
2026-09-15T08:07:00Z,CAT-336-EX01,OP1001,TSK-112,2.3,67.1,18,20.7,809.2,1250.0,87.9,4.7,7.9,0.8,0.59,Fastened,4239.0,100.0,0.0,N/A
2026-09-15T09:10:00Z,CAT-336-EX01,OP1001,TSK-108,1.2,86.8,25,17.7,832.9,1250.0,91.4,1.1,8.4,1.3,0.61,Fastened,4288.0,100.0,0.0,N/A
2026-09-15T10:33:00Z,CAT-336-EX01,OP1001,TSK-117,2.3,65.7,33,17.8,863.8,1250.0,89.1,3.1,4.2,0.36,0.18,Fastened,4780.0,100.0,0.0,N/A
2026-09-15T11:23:00Z,CAT-336-EX01,OP1001,TSK-125,1.8,57.8,33,19.0,886.5,1250.0,87.2,6.2,9.8,0.75,0.45,Fastened,4341.0,100.0,0.0,N/A
2026-09-15T12:38:00Z,CAT-336-EX01,OP1001,TSK-116,2.0,65.3,30,14.5,918.2,1250.0,91.2,6.7,5.5,0.35,1.16,Fastened,4449.0,100.0,0.0,N/A
2026-09-15T13:48:00Z,CAT-336-EX01,OP1001,TSK-128,1.1,78.6,26,20.7,948.1,1250.0,88.4,5.3,5.0,0.84,1.15,Fastened,4670.0,100.0,0.0,N/A
2026-09-15T14:33:00Z,CAT-336-EX01,OP1001,TSK-128,3.1,84.6,25,10.8,975.0,1250.0,83.0,1.9,8.7,0.4,0.43,Fastened,4222.0,100.0,0.0,N/A
2026-09-15T15:05:00Z,CAT-336-EX01,OP1001,TSK-108,2.8,69.3,23,11.6,1001.7,1250.0,86.7,3.8,3.5,0.9,0.36,Fastened,4678.0,100.0,0.0,N/A
2026-09-15T16:44:00Z,CAT-336-EX01,OP1001,TSK-123,3.3,51.8,32,19.9,1033.2,1250.0,84.4,4.9,10.5,1.21,0.32,Fastened,4489.0,100.0,0.0,N/A
2026-09-15T17:17:00Z,CAT-336-EX01,OP1001,TSK-102,3.4,45.9,30,13.3,1061.6,1250.0,90.7,4.9,4.5,1.09,1.02,Fastened,4877.0,100.0,0.0,N/A
2026-09-16T07:41:00Z,CAT-336-EX01,OP1001,TSK-119,3.3,50.9,21,18.4,1085.8,1250.0,85.5,4.6,10.1,0.36,1.1,Fastened,4445.0,100.0,0.0,N/A
2026-09-16T08:14:00Z,CAT-336-EX01,OP1001,TSK-124,2.8,84.3,23,20.7,1115.1,1250.0,90.3,4.0,4.3,1.17,0.62,Fastened,4256.0,100.0,0.0,N/A
2026-09-16T09:16:00Z,CAT-336-EX01,OP1001,TSK-112,4.4,79.6,29,20.8,1134.8,1250.0,88.4,1.9,2.8,1.01,0.74,Fastened,4817.0,100.0,0.0,N/A
2026-09-16T10:08:00Z,CAT-336-EX01,OP1001,TSK-121,4.3,59.1,25,16.8,1162.6,1250.0,85.9,5.3,7.8,0.37,1.14,Fastened,4428.0,100.0,0.0,N/A
2026-09-16T11:08:00Z,CAT-336-EX01,OP1001,TSK-127,2.2,85.8,31,14.3,1189.8,1250.0,86.6,9.0,7.3,0.69,1.15,Fastened,4225.0,100.0,0.0,N/A
2026-09-16T12:30:00Z,CAT-336-EX01,OP1001,TSK-127,4.4,60.8,29,14.0,1221.1,1250.0,86.3,3.7,2.5,1.0,0.81,Fastened,4648.0,100.0,0.0,N/A
2026-09-16T13:55:00Z,CAT-336-EX01,OP1001,TSK-105,4.0,59.1,22,12.4,1252.9,1250.0,87.1,3.9,9.1,1.16,0.22,Fastened,4850.0,100.0,0.0,N/A
2026-09-16T14:10:00Z,CAT-336-EX01,OP1001,TSK-124,2.6,78.5,34,18.2,1279.5,1250.0,89.4,2.8,7.3,1.24,0.67,Fastened,4544.0,100.0,0.0,N/A
2026-09-16T15:05:00Z,CAT-336-EX01,OP1001,TSK-109,1.2,75.6,32,14.7,1298.4,1250.0,87.9,2.5,2.7,0.9,0.88,Fastened,4486.0,100.0,0.0,N/A
2026-09-16T16:20:00Z,CAT-336-EX01,OP1001,TSK-113,3.4,81.7,24,11.1,1328.0,1250.0,86.0,4.3,5.9,0.31,0.57,Fastened,4699.0,100.0,0.0,N/A
2026-09-16T17:11:00Z,CAT-336-EX01,OP1001,TSK-111,1.1,63.6,29,11.0,1353.9,1250.0,88.4,7.1,9.3,0.69,1.06,Fastened,4906.0,100.0,0.0,N/A
2026-09-17T07:24:00Z,CAT-336-EX01,OP1001,TSK-126,2.6,81.4,29,11.7,1379.9,1250.0,86.1,8.8,9.6,0.87,0.94,Fastened,4666.0,100.0,0.0,N/A
2026-09-17T08:37:00Z,CAT-336-EX01,OP1001,TSK-122,1.8,52.8,27,19.1,1399.9,1250.0,85.8,3.0,10.3,0.37,0.8,Fastened,4223.0,100.0,0.0,N/A
2026-09-17T09:15:00Z,CAT-336-EX01,OP1001,TSK-103,2.0,58.9,20,11.7,1418.6,1250.0,84.6,8.5,10.0,0.99,0.63,Fastened,4532.0,100.0,0.0,N/A
2026-09-17T10:50:00Z,CAT-336-EX01,OP1001,TSK-101,3.3,70.5,34,11.2,1445.0,1250.0,83.9,4.0,8.0,1.33,0.94,Fastened,4773.0,100.0,0.0,N/A
2026-09-17T11:09:00Z,CAT-336-EX01,OP1001,TSK-101,2.2,75.3,7,45.4,1468.6,1250.0,86.4,4.0,7.0,0.29,0.44,Fastened,4522.0,100.0,0.0,N/A
2026-09-17T12:42:00Z,CAT-336-EX01,OP1001,TSK-108,2.0,79.5,32,10.2,1498.4,1250.0,86.1,2.0,9.5,0.68,0.19,Fastened,4853.0,100.0,0.0,N/A
2026-09-17T13:16:00Z,CAT-336-EX01,OP1001,TSK-107,1.2,66.9,6,39.0,1518.5,1250.0,83.6,5.9,5.2,0.38,0.94,Fastened,4257.0,100.0,0.0,N/A
2026-09-17T14:42:00Z,CAT-336-EX01,OP1001,TSK-115,2.5,84.7,28,18.4,1537.5,1250.0,88.0,2.7,9.8,1.16,0.75,Fastened,4464.0,100.0,0.0,N/A
2026-09-17T15:56:00Z,CAT-336-EX01,OP1001,TSK-116,2.9,86.0,19,14.2,1560.0,1250.0,86.8,6.2,6.0,1.35,0.6,Fastened,4808.0,100.0,0.0,N/A
2026-09-17T16:47:00Z,CAT-336-EX01,OP1001,TSK-114,3.4,87.6,34,10.4,1582.0,1250.0,89.4,3.5,6.7,1.01,0.16,Fastened,4673.0,100.0,0.0,N/A
2026-09-17T17:23:00Z,CAT-336-EX01,OP1001,TSK-121,3.5,73.2,22,13.1,1604.9,1250.0,88.6,1.9,5.0,0.67,0.75,Fastened,4904.0,100.0,0.0,N/A
2026-09-18T07:10:00Z,CAT-336-EX01,OP1001,TSK-111,3.3,67.6,31,18.1,1636.2,1250.0,91.0,2.9,6.6,0.78,0.35,Fastened,4303.0,100.0,0.0,N/A
2026-09-18T08:23:00Z,CAT-336-EX01,OP1001,TSK-115,1.4,52.8,23,16.6,1664.3,1250.0,87.8,4.0,8.5,1.1,0.96,Fastened,4376.0,100.0,0.0,N/A
2026-09-18T09:53:00Z,CAT-336-EX01,OP1001,TSK-106,3.3,69.5,32,12.1,1689.7,1250.0,89.8,3.5,6.2,1.16,0.25,Fastened,4388.0,100.0,0.0,N/A
2026-09-18T10:57:00Z,CAT-336-EX01,OP1001,TSK-114,2.7,50.4,20,17.8,1709.8,1250.0,82.9,9.3,8.9,1.29,1.0,Fastened,4863.0,100.0,0.0,N/A
2026-09-18T11:28:00Z,CAT-336-EX01,OP1001,TSK-105,4.5,61.1,18,12.6,1732.5,1250.0,83.3,4.4,4.9,0.54,1.01,Fastened,4722.0,100.0,0.0,N/A
2026-09-18T12:18:00Z,CAT-336-EX01,OP1001,TSK-120,3.1,63.2,27,20.3,1759.4,1250.0,86.3,1.9,4.1,0.33,1.1,Fastened,4648.0,100.0,0.0,N/A
2026-09-18T13:02:00Z,CAT-336-EX01,OP1001,TSK-118,3.3,48.7,29,14.6,1791.2,1250.0,82.2,2.9,2.6,1.25,0.15,Fastened,4490.0,100.0,0.0,N/A
2026-09-18T14:49:00Z,CAT-336-EX01,OP1001,TSK-127,3.5,72.0,28,13.8,1818.2,1250.0,89.4,2.3,3.2,0.76,0.86,Fastened,4674.0,100.0,0.0,N/A
2026-09-18T15:06:00Z,CAT-336-EX01,OP1001,TSK-116,1.5,79.0,19,10.4,1847.6,1250.0,84.4,3.1,4.8,1.1,0.31,Fastened,4468.0,100.0,0.0,N/A
2026-09-18T16:57:00Z,CAT-336-EX01,OP1001,TSK-116,2.4,62.2,32,18.8,1872.5,1250.0,85.5,11.5,10.1,1.16,0.39,Fastened,4262.0,100.0,0.0,N/A
2026-09-18T17:29:00Z,CAT-336-EX01,OP1001,TSK-112,2.0,48.4,27,16.0,1900.2,1250.0,86.2,3.6,4.8,1.07,1.1,Fastened,4661.0,100.0,0.0,N/A
2026-09-19T07:25:00Z,CAT-336-EX01,OP1001,TSK-113,0.9,81.5,32,11.8,1923.3,1250.0,91.0,2.6,2.3,0.24,0.27,Fastened,4537.0,100.0,0.0,N/A
2026-09-19T08:30:00Z,CAT-336-EX01,OP1001,TSK-130,2.3,72.9,25,15.8,1948.5,1250.0,87.3,2.9,10.6,0.51,0.39,Fastened,4535.0,100.0,0.0,N/A
2026-09-19T09:20:00Z,CAT-336-EX01,OP1001,TSK-128,1.3,48.2,23,12.2,1976.0,1250.0,91.4,2.0,10.1,1.0,0.88,Fastened,4612.0,100.0,0.0,N/A
2026-09-19T10:21:00Z,CAT-336-EX01,OP1001,TSK-116,3.2,79.1,34,20.2,1997.3,1250.0,82.2,6.1,4.0,0.86,0.51,Fastened,4803.0,100.0,0.0,N/A
2026-09-19T11:41:00Z,CAT-336-EX01,OP1001,TSK-121,3.5,65.6,31,14.4,2028.9,1250.0,82.7,1.8,8.9,0.76,0.67,Fastened,4296.0,100.0,0.0,N/A
2026-09-19T12:37:00Z,CAT-336-EX01,OP1001,TSK-130,2.4,84.2,19,20.6,2049.2,1250.0,88.7,4.2,9.5,0.62,1.13,Fastened,4871.0,100.0,0.0,N/A
2026-09-19T13:18:00Z,CAT-336-EX01,OP1001,TSK-122,3.1,71.4,20,13.0,2069.4,1250.0,87.9,7.1,6.5,1.28,0.47,Fastened,4893.0,100.0,0.0,N/A
2026-09-19T14:15:00Z,CAT-336-EX01,OP1001,TSK-113,2.6,72.0,27,17.0,2098.7,1250.0,84.8,3.0,7.8,0.29,0.17,Fastened,4530.0,100.0,0.0,N/A
2026-09-19T15:15:00Z,CAT-336-EX01,OP1001,TSK-111,2.0,87.5,29,19.5,2124.6,1250.0,84.3,5.0,10.8,0.35,0.59,Fastened,4306.0,100.0,0.0,N/A
2026-09-19T16:38:00Z,CAT-336-EX01,OP1001,TSK-108,4.5,65.1,27,11.8,2149.0,1250.0,84.0,3.5,6.5,0.62,0.16,Fastened,4571.0,100.0,0.0,N/A
2026-09-19T17:43:00Z,CAT-336-EX01,OP1001,TSK-119,1.2,50.8,26,10.1,2172.6,1250.0,87.3,4.8,8.5,0.64,0.42,Fastened,4490.0,100.0,0.0,N/A
2026-09-20T07:41:00Z,CAT-336-EX01,OP1001,TSK-102,3.7,59.6,29,14.3,2197.6,1250.0,82.4,5.5,8.8,1.06,0.98,Fastened,4589.0,100.0,0.0,N/A
2026-09-20T08:27:00Z,CAT-336-EX01,OP1001,TSK-122,2.0,80.6,33,13.3,2220.8,1250.0,83.0,8.2,8.4,0.7,0.44,Fastened,4874.0,100.0,0.0,N/A
2026-09-20T09:42:00Z,CAT-336-EX01,OP1001,TSK-120,3.7,78.4,25,20.6,2247.6,1250.0,89.4,2.7,8.5,0.66,1.0,Fastened,4382.0,100.0,0.0,N/A
2026-09-20T10:46:00Z,CAT-336-EX01,OP1001,TSK-124,1.4,74.7,31,13.5,2277.5,1250.0,82.6,4.7,6.5,0.37,0.33,Fastened,4444.0,100.0,0.0,N/A
2026-09-20T11:35:00Z,CAT-336-EX01,OP1001,TSK-125,2.8,68.5,6,40.2,2303.3,1250.0,84.7,2.9,7.5,0.45,0.88,Fastened,4438.0,100.0,0.0,N/A
2026-09-20T12:52:00Z,CAT-336-EX01,OP1001,TSK-110,2.8,83.5,30,16.3,2325.4,1250.0,91.1,10.5,9.4,0.29,1.12,Fastened,4692.0,100.0,0.0,N/A
2026-09-20T13:15:00Z,CAT-336-EX01,OP1001,TSK-111,3.4,50.9,7,38.5,2352.3,1250.0,88.8,4.0,4.2,0.32,0.95,Fastened,4204.0,100.0,0.0,N/A
2026-09-20T14:12:00Z,CAT-336-EX01,OP1001,TSK-119,2.6,53.6,27,19.7,2371.6,1250.0,84.2,6.8,4.9,1.09,1.04,Fastened,4228.0,100.0,0.0,N/A
2026-09-20T15:28:00Z,CAT-336-EX01,OP1001,TSK-102,4.5,62.1,33,20.1,2393.7,1250.0,82.1,5.8,3.7,0.88,0.22,Fastened,4937.0,100.0,0.0,N/A
2026-09-20T16:43:00Z,CAT-336-EX01,OP1001,TSK-123,3.9,65.1,24,20.3,2420.8,1250.0,83.8,8.2,9.3,1.08,0.97,Fastened,4626.0,100.0,0.0,N/A
2026-09-20T17:13:00Z,CAT-336-EX01,OP1001,TSK-108,2.4,59.1,30,14.5,2443.3,1250.0,82.1,2.1,8.0,0.66,0.59,Fastened,4400.0,100.0,0.0,N/A
2026-09-21T07:17:00Z,CAT-336-EX01,OP1001,TSK-108,2.3,66.6,27,13.4,2466.4,1250.0,84.1,10.0,8.2,0.36,0.27,Fastened,4761.0,100.0,0.0,N/A
2026-09-21T08:28:00Z,CAT-336-EX01,OP1001,TSK-117,3.8,80.5,25,18.3,2491.8,1250.0,88.7,8.4,8.1,0.29,0.72,Fastened,4246.0,100.0,0.0,N/A
2026-09-21T09:34:00Z,CAT-336-EX01,OP1001,TSK-102,4.0,64.0,24,11.8,2516.0,1250.0,86.3,9.5,8.5,0.82,0.6,Fastened,4243.0,100.0,0.0,N/A
2026-09-21T10:53:00Z,CAT-336-EX01,OP1001,TSK-130,0.8,54.4,20,12.8,2547.9,1250.0,90.5,1.2,2.4,1.38,0.62,Fastened,4415.0,100.0,0.0,N/A
2026-09-21T11:26:00Z,CAT-336-EX01,OP1001,TSK-117,1.1,86.5,22,14.2,2573.4,1250.0,83.2,2.5,7.9,1.37,1.02,Fastened,4767.0,100.0,0.0,N/A
2026-09-21T12:31:00Z,CAT-336-EX01,OP1001,TSK-102,3.8,55.6,29,15.9,2602.1,1250.0,89.7,4.0,3.4,0.7,0.94,Fastened,4863.0,100.0,0.0,N/A
2026-09-21T13:57:00Z,CAT-336-EX01,OP1001,TSK-119,1.7,54.3,19,14.4,2632.9,1250.0,85.0,2.4,3.3,0.92,0.84,Fastened,4440.0,100.0,0.0,N/A
2026-09-21T14:11:00Z,CAT-336-EX01,OP1001,TSK-121,1.8,68.9,23,14.5,2664.5,1250.0,88.4,5.2,7.6,1.14,0.45,Fastened,4512.0,100.0,0.0,N/A
2026-09-21T15:11:00Z,CAT-336-EX01,OP1001,TSK-115,4.4,69.0,22,16.2,2683.6,1250.0,90.0,2.9,5.5,0.31,0.9,Fastened,4343.0,100.0,0.0,N/A
2026-09-21T16:45:00Z,CAT-336-EX01,OP1001,TSK-101,3.8,70.3,24,10.8,2715.0,1250.0,84.0,3.8,6.3,0.43,0.92,Fastened,4760.0,100.0,0.0,N/A
2026-09-21T17:17:00Z,CAT-336-EX01,OP1001,TSK-117,1.7,58.8,27,14.4,2736.7,1250.0,90.4,3.3,5.4,0.76,0.98,Fastened,4742.0,100.0,0.0,N/A
2026-09-22T07:28:00Z,CAT-336-EX01,OP1001,TSK-108,0.9,68.8,31,18.2,2762.7,1250.0,86.7,2.1,4.7,0.99,0.85,Fastened,4393.0,100.0,0.0,N/A
2026-09-22T08:48:00Z,CAT-336-EX01,OP1001,TSK-117,3.7,52.3,33,11.9,2794.1,1250.0,82.3,6.8,3.7,1.22,1.14,Fastened,4701.0,100.0,0.0,N/A
2026-09-22T09:28:00Z,CAT-336-EX01,OP1001,TSK-116,1.4,54.4,32,10.7,2820.7,1250.0,88.3,5.5,5.4,0.22,0.69,Fastened,4509.0,100.0,0.0,N/A
2026-09-22T10:54:00Z,CAT-336-EX01,OP1001,TSK-109,1.5,84.5,34,20.3,2850.1,1250.0,89.6,2.8,3.3,0.29,1.16,Fastened,4544.0,100.0,0.0,N/A
2026-09-22T11:46:00Z,CAT-336-EX01,OP1001,TSK-101,3.2,81.9,19,19.3,2868.9,1250.0,88.7,2.9,2.8,0.3,1.03,Fastened,4684.0,100.0,0.0,N/A
2026-09-22T12:56:00Z,CAT-336-EX01,OP1001,TSK-118,1.7,83.8,33,20.1,2890.8,1250.0,87.4,5.6,4.4,0.24,1.12,Fastened,4436.0,100.0,0.0,N/A
2026-09-22T13:39:00Z,CAT-336-EX01,OP1001,TSK-113,4.2,57.9,25,19.0,2916.4,1250.0,89.2,7.2,7.1,0.37,1.19,Fastened,4743.0,100.0,0.0,N/A
2026-09-22T14:24:00Z,CAT-336-EX01,OP1001,TSK-115,2.1,78.1,30,19.2,2945.4,1250.0,86.7,8.1,10.7,0.63,1.14,Fastened,4524.0,100.0,0.0,N/A
2026-09-22T15:44:00Z,CAT-336-EX01,OP1001,TSK-111,1.7,48.2,26,13.2,2973.8,1250.0,85.4,4.2,3.4,0.31,1.14,Fastened,4534.0,100.0,0.0,N/A
2026-09-22T16:08:00Z,CAT-336-EX01,OP1001,TSK-128,2.9,62.5,18,14.9,3002.8,1250.0,85.7,3.4,2.8,0.55,0.53,Fastened,4264.0,100.0,0.0,N/A
2026-09-22T17:17:00Z,CAT-336-EX01,OP1001,TSK-126,1.3,57.9,33,14.2,3025.0,1250.0,82.7,1.9,3.3,0.5,0.37,Fastened,4669.0,100.0,0.0,N/A
2026-09-23T07:27:00Z,CAT-336-EX01,OP1001,TSK-106,2.0,59.4,22,18.8,3049.7,1250.0,91.2,5.2,4.7,1.36,0.42,Fastened,4721.0,100.0,0.0,N/A
2026-09-23T08:38:00Z,CAT-336-EX01,OP1001,TSK-124,3.7,60.7,24,13.1,3075.4,1250.0,86.4,6.8,7.3,1.05,0.58,Fastened,4418.0,100.0,0.0,N/A
2026-09-23T09:54:00Z,CAT-336-EX01,OP1001,TSK-120,1.3,58.0,26,17.4,3094.4,1250.0,86.6,8.5,7.9,0.68,0.66,Fastened,4890.0,100.0,0.0,N/A
2026-09-23T10:36:00Z,CAT-336-EX01,OP1001,TSK-120,3.8,70.5,20,17.7,3114.7,1250.0,82.4,3.2,3.0,1.38,0.85,Fastened,4500.0,100.0,0.0,N/A
2026-09-23T11:52:00Z,CAT-336-EX01,OP1001,TSK-117,2.7,67.3,25,12.8,3140.9,1250.0,83.4,6.2,6.0,1.4,0.63,Fastened,4422.0,100.0,0.0,N/A
2026-09-23T12:07:00Z,CAT-336-EX01,OP1001,TSK-115,2.0,64.6,24,11.6,3169.0,1250.0,85.0,1.7,6.7,0.56,0.99,Fastened,4286.0,100.0,0.0,N/A
2026-09-23T13:43:00Z,CAT-336-EX01,OP1001,TSK-121,3.5,67.2,23,20.2,3198.2,1250.0,83.8,3.7,5.0,0.97,0.58,Fastened,4222.0,100.0,0.0,N/A
2026-09-23T14:14:00Z,CAT-336-EX01,OP1001,TSK-107,1.6,57.0,20,10.0,3221.3,1250.0,86.3,5.9,7.2,0.51,1.05,Fastened,4596.0,100.0,0.0,N/A
2026-09-23T15:40:00Z,CAT-336-EX01,OP1001,TSK-103,2.1,64.7,23,11.3,3247.9,1250.0,88.4,4.2,9.3,0.58,0.36,Fastened,4288.0,100.0,0.0,N/A
2026-09-23T16:11:00Z,CAT-336-EX01,OP1001,TSK-115,2.2,53.0,23,11.5,3270.3,1250.0,87.9,2.1,7.0,1.24,1.15,Fastened,4563.0,100.0,0.0,N/A
2026-09-23T17:28:00Z,CAT-336-EX01,OP1001,TSK-115,2.9,79.2,25,11.8,3290.7,1250.0,87.4,3.6,4.6,1.13,0.64,Fastened,4583.0,100.0,0.0,N/A
2026-09-14T07:25:00Z,CAT-950-LD02,OP1002,TSK-102,2.4,54.4,31,18.4,502.2,1250.0,86.3,4.7,2.9,0.62,1.0,Fastened,4529.0,100.0,0.0,N/A
2026-09-14T08:51:00Z,CAT-950-LD02,OP1002,TSK-102,3.3,82.0,31,18.1,523.1,1250.0,87.4,1.7,3.5,0.84,0.76,Fastened,4326.0,100.0,0.0,N/A
2026-09-14T09:20:00Z,CAT-950-LD02,OP1002,TSK-109,4.4,74.2,21,19.4,541.9,1250.0,90.2,3.0,3.2,0.35,1.05,Fastened,4387.0,100.0,0.0,N/A
2026-09-14T10:55:00Z,CAT-950-LD02,OP1002,TSK-113,1.3,72.2,31,14.3,570.7,1250.0,86.9,5.1,5.4,0.53,1.13,Fastened,4477.0,100.0,0.0,N/A
2026-09-14T11:22:00Z,CAT-950-LD02,OP1002,TSK-127,1.1,86.8,29,19.3,602.3,1250.0,84.0,5.6,9.7,0.52,1.01,Fastened,4453.0,100.0,0.0,N/A
2026-09-14T12:38:00Z,CAT-950-LD02,OP1002,TSK-114,3.6,47.0,32,19.8,626.7,1250.0,83.9,1.7,2.1,1.03,0.25,Fastened,4687.0,100.0,0.0,N/A
2026-09-14T13:07:00Z,CAT-950-LD02,OP1002,TSK-103,2.3,58.1,25,11.8,647.7,1250.0,83.3,1.5,5.9,0.47,0.85,Fastened,4207.0,100.0,0.0,N/A
2026-09-14T14:54:00Z,CAT-950-LD02,OP1002,TSK-105,2.6,54.8,20,17.6,678.0,1250.0,85.6,3.6,8.6,1.18,1.06,Fastened,4681.0,100.0,0.0,N/A
2026-09-14T15:06:00Z,CAT-950-LD02,OP1002,TSK-129,2.4,76.1,22,17.2,699.0,1250.0,83.0,6.2,10.3,1.1,0.75,Fastened,4488.0,100.0,0.0,N/A
2026-09-14T16:22:00Z,CAT-950-LD02,OP1002,TSK-110,1.7,70.8,27,17.1,726.2,1250.0,84.0,10.0,9.0,0.93,0.31,Fastened,4494.0,100.0,0.0,N/A
2026-09-14T17:52:00Z,CAT-950-LD02,OP1002,TSK-105,1.2,66.5,20,15.4,757.3,1250.0,85.7,10.1,6.8,1.21,0.56,Fastened,4610.0,100.0,0.0,N/A
2026-09-15T07:27:00Z,CAT-950-LD02,OP1002,TSK-103,2.3,75.2,20,15.5,776.5,1250.0,86.9,2.4,7.8,0.44,0.99,Fastened,4602.0,100.0,0.0,N/A
2026-09-15T08:42:00Z,CAT-950-LD02,OP1002,TSK-120,1.9,63.8,25,17.1,800.8,1250.0,82.5,2.0,2.5,1.0,0.82,Fastened,4332.0,100.0,0.0,N/A
2026-09-15T09:54:00Z,CAT-950-LD02,OP1002,TSK-103,3.7,56.6,21,11.4,822.6,1250.0,84.5,7.9,8.9,1.37,0.79,Fastened,4572.0,100.0,0.0,N/A
2026-09-15T10:05:00Z,CAT-950-LD02,OP1002,TSK-108,1.7,49.4,21,14.0,852.7,1250.0,82.4,1.2,4.1,0.64,1.11,Fastened,4334.0,100.0,0.0,N/A
2026-09-15T11:04:00Z,CAT-950-LD02,OP1002,TSK-104,2.4,58.8,31,18.1,878.7,1250.0,86.8,9.8,10.2,1.28,0.3,Fastened,4803.0,100.0,0.0,N/A
2026-09-15T12:27:00Z,CAT-950-LD02,OP1002,TSK-120,3.9,59.1,32,13.1,901.0,1250.0,84.3,2.2,2.1,0.64,1.17,Fastened,4948.0,100.0,0.0,N/A
2026-09-15T13:48:00Z,CAT-950-LD02,OP1002,TSK-111,0.8,62.6,25,12.7,919.1,1250.0,82.0,6.8,6.9,0.99,1.03,Fastened,4745.0,100.0,0.0,N/A
2026-09-15T14:47:00Z,CAT-950-LD02,OP1002,TSK-121,3.9,62.8,29,12.5,944.2,1250.0,89.8,5.6,6.1,0.29,0.72,Fastened,4526.0,100.0,0.0,N/A
2026-09-15T15:17:00Z,CAT-950-LD02,OP1002,TSK-125,2.3,80.8,28,20.2,965.0,1250.0,89.3,1.4,4.9,0.33,0.22,Fastened,4537.0,100.0,0.0,N/A
2026-09-15T16:09:00Z,CAT-950-LD02,OP1002,TSK-120,1.9,56.4,21,12.3,992.9,1250.0,82.4,2.4,2.8,1.2,0.46,Fastened,4268.0,100.0,0.0,N/A
2026-09-15T17:24:00Z,CAT-950-LD02,OP1002,TSK-104,3.8,52.5,30,13.3,1012.2,1250.0,89.6,7.0,9.7,0.37,0.11,Fastened,4823.0,100.0,0.0,N/A
2026-09-16T07:43:00Z,CAT-950-LD02,OP1002,TSK-127,1.1,87.9,24,20.1,1042.9,1250.0,89.7,2.4,10.1,0.35,1.14,Fastened,4238.0,100.0,0.0,N/A
2026-09-16T08:29:00Z,CAT-950-LD02,OP1002,TSK-120,3.3,52.4,24,10.3,1063.0,1250.0,87.9,5.7,10.2,0.49,0.42,Fastened,4509.0,100.0,0.0,N/A
2026-09-16T09:05:00Z,CAT-950-LD02,OP1002,TSK-126,3.2,79.3,25,14.6,1094.9,1250.0,88.8,8.6,7.7,0.78,0.96,Fastened,4458.0,100.0,0.0,N/A
2026-09-16T10:22:00Z,CAT-950-LD02,OP1002,TSK-108,1.6,83.5,26,13.5,1123.6,1250.0,91.3,3.6,2.5,0.32,0.82,Fastened,4400.0,100.0,0.0,N/A
2026-09-16T11:49:00Z,CAT-950-LD02,OP1002,TSK-111,3.9,79.3,29,12.4,1144.9,1250.0,89.7,3.2,10.4,1.04,1.11,Fastened,4221.0,100.0,0.0,N/A
2026-09-16T12:38:00Z,CAT-950-LD02,OP1002,TSK-120,4.5,82.9,33,12.1,1163.7,1250.0,84.1,1.3,6.9,0.83,0.1,Fastened,4888.0,100.0,0.0,N/A
2026-09-16T13:39:00Z,CAT-950-LD02,OP1002,TSK-110,2.7,60.7,20,11.2,1183.1,1250.0,85.1,4.1,5.4,1.37,0.91,Fastened,4528.0,100.0,0.0,N/A
2026-09-16T14:33:00Z,CAT-950-LD02,OP1002,TSK-123,3.4,84.9,29,20.7,1205.4,1250.0,84.8,1.9,4.0,0.41,0.1,Fastened,4727.0,100.0,0.0,N/A
2026-09-16T15:56:00Z,CAT-950-LD02,OP1002,TSK-103,3.0,84.6,25,10.4,1228.0,1250.0,84.3,4.8,7.8,1.38,0.28,Fastened,4864.0,100.0,0.0,N/A
2026-09-16T16:02:00Z,CAT-950-LD02,OP1002,TSK-114,1.7,49.6,18,10.7,1248.3,1250.0,86.7,2.3,2.4,0.65,0.7,Fastened,4276.0,100.0,0.0,N/A
2026-09-16T17:57:00Z,CAT-950-LD02,OP1002,TSK-106,2.5,79.4,19,12.5,1267.3,1250.0,90.4,5.9,4.7,0.39,0.18,Fastened,4906.0,100.0,0.0,N/A
2026-09-17T07:32:00Z,CAT-950-LD02,OP1002,TSK-124,3.0,63.7,19,17.2,1295.1,1250.0,90.8,1.6,2.9,0.85,0.83,Fastened,4423.0,100.0,0.0,N/A
2026-09-17T08:29:00Z,CAT-950-LD02,OP1002,TSK-110,2.6,49.2,24,16.9,1324.9,1250.0,89.5,1.3,3.5,0.77,1.08,Fastened,4399.0,100.0,0.0,N/A
2026-09-17T09:26:00Z,CAT-950-LD02,OP1002,TSK-123,2.4,56.3,32,14.1,1345.0,1250.0,88.3,4.6,4.4,0.3,0.48,Fastened,4606.0,100.0,0.0,N/A
2026-09-17T10:39:00Z,CAT-950-LD02,OP1002,TSK-128,2.7,86.5,33,14.3,1368.5,1250.0,88.8,3.2,7.2,0.8,1.09,Fastened,4800.0,100.0,0.0,N/A
2026-09-17T11:41:00Z,CAT-950-LD02,OP1002,TSK-114,4.3,52.2,24,14.9,1400.3,1250.0,83.9,4.9,9.3,1.19,0.26,Fastened,4646.0,100.0,0.0,N/A
2026-09-17T12:48:00Z,CAT-950-LD02,OP1002,TSK-119,2.3,59.0,26,14.3,1428.1,1250.0,87.0,1.1,6.7,0.7,0.56,Fastened,4311.0,100.0,0.0,N/A
2026-09-17T13:50:00Z,CAT-950-LD02,OP1002,TSK-116,3.7,78.8,29,11.2,1454.1,1250.0,82.4,7.7,9.9,0.53,0.26,Fastened,4656.0,100.0,0.0,N/A
2026-09-17T14:04:00Z,CAT-950-LD02,OP1002,TSK-109,1.0,65.4,26,17.6,1476.3,1250.0,90.0,8.9,10.1,1.23,0.85,Fastened,4929.0,100.0,0.0,N/A
2026-09-17T15:21:00Z,CAT-950-LD02,OP1002,TSK-125,1.8,62.9,20,19.1,1504.7,1250.0,86.9,4.2,3.7,0.65,0.16,Fastened,4794.0,100.0,0.0,N/A
2026-09-17T16:14:00Z,CAT-950-LD02,OP1002,TSK-121,0.9,47.2,29,10.6,1529.8,1250.0,90.8,8.1,8.3,1.02,0.37,Fastened,4567.0,100.0,0.0,N/A
2026-09-17T17:57:00Z,CAT-950-LD02,OP1002,TSK-107,3.9,56.1,20,13.8,1555.8,1250.0,90.1,1.9,4.6,0.98,0.85,Fastened,4402.0,100.0,0.0,N/A
2026-09-18T07:45:00Z,CAT-950-LD02,OP1002,TSK-109,3.0,45.4,26,17.1,1583.7,1250.0,86.0,8.0,7.5,0.65,0.48,Fastened,4389.0,100.0,0.0,N/A
2026-09-18T08:45:00Z,CAT-950-LD02,OP1002,TSK-116,0.8,88.0,29,16.4,1611.3,1250.0,82.6,3.4,7.1,1.39,0.8,Fastened,4846.0,100.0,0.0,N/A
2026-09-18T09:47:00Z,CAT-950-LD02,OP1002,TSK-122,2.7,55.3,19,12.1,1638.5,1250.0,83.3,7.7,9.2,0.23,0.65,Fastened,4422.0,100.0,0.0,N/A
2026-09-18T10:27:00Z,CAT-950-LD02,OP1002,TSK-112,2.9,53.2,25,17.8,1669.7,1250.0,86.8,5.6,8.2,1.21,1.02,Fastened,4857.0,100.0,0.0,N/A
2026-09-18T11:43:00Z,CAT-950-LD02,OP1002,TSK-102,1.9,78.9,28,18.2,1689.3,1250.0,90.2,4.0,5.3,0.9,1.14,Fastened,4253.0,100.0,0.0,N/A
2026-09-18T12:34:00Z,CAT-950-LD02,OP1002,TSK-130,2.3,82.4,22,15.8,1715.3,1250.0,91.4,2.4,3.2,0.37,1.05,Fastened,4335.0,100.0,0.0,N/A
2026-09-18T13:15:00Z,CAT-950-LD02,OP1002,TSK-116,2.6,77.8,20,18.4,1739.3,1250.0,85.6,2.7,3.2,0.25,0.32,Fastened,4480.0,100.0,0.0,N/A
2026-09-18T14:16:00Z,CAT-950-LD02,OP1002,TSK-117,2.2,70.3,23,11.4,1763.7,1250.0,87.7,3.1,2.6,0.61,1.08,Fastened,4947.0,100.0,0.0,N/A
2026-09-18T15:33:00Z,CAT-950-LD02,OP1002,TSK-117,4.2,62.3,25,20.4,1782.0,1250.0,83.6,2.4,4.0,0.64,0.82,Fastened,4228.0,100.0,0.0,N/A
2026-09-18T16:18:00Z,CAT-950-LD02,OP1002,TSK-109,1.0,49.6,18,16.5,1801.7,1250.0,86.5,2.0,2.4,0.38,0.86,Fastened,4673.0,100.0,0.0,N/A
2026-09-18T17:44:00Z,CAT-950-LD02,OP1002,TSK-116,3.4,63.0,21,16.9,1830.7,1250.0,83.9,3.2,6.6,0.44,0.39,Fastened,4592.0,100.0,0.0,N/A
2026-09-19T07:44:00Z,CAT-950-LD02,OP1002,TSK-115,2.6,85.8,34,16.3,1857.7,1250.0,91.4,5.0,2.7,0.56,0.61,Fastened,4275.0,100.0,0.0,N/A
2026-09-19T08:08:00Z,CAT-950-LD02,OP1002,TSK-103,1.3,72.8,28,10.1,1888.0,1250.0,85.5,4.7,5.2,0.61,0.23,Fastened,4500.0,100.0,0.0,N/A
2026-09-19T09:55:00Z,CAT-950-LD02,OP1002,TSK-104,3.2,79.3,21,18.8,1917.8,1250.0,86.0,5.8,3.2,0.91,0.98,Fastened,4709.0,100.0,0.0,N/A
2026-09-19T10:09:00Z,CAT-950-LD02,OP1002,TSK-122,3.2,45.5,34,10.7,1949.5,1250.0,90.3,6.7,8.9,0.82,0.86,Fastened,4664.0,100.0,0.0,N/A
2026-09-19T11:48:00Z,CAT-950-LD02,OP1002,TSK-116,2.2,81.1,19,17.4,1974.1,1250.0,90.3,3.2,2.1,0.29,0.64,Fastened,4381.0,100.0,0.0,N/A
2026-09-19T12:05:00Z,CAT-950-LD02,OP1002,TSK-104,3.8,48.4,32,14.2,1998.4,1250.0,91.3,9.6,9.2,1.09,0.12,Fastened,4503.0,100.0,0.0,N/A
2026-09-19T13:37:00Z,CAT-950-LD02,OP1002,TSK-123,2.1,47.3,25,20.5,2024.8,1250.0,88.2,8.7,9.6,1.06,0.23,Fastened,4769.0,100.0,0.0,N/A
2026-09-19T14:23:00Z,CAT-950-LD02,OP1002,TSK-124,2.8,61.1,21,18.8,2052.8,1250.0,85.9,1.3,2.4,0.51,0.32,Fastened,4291.0,100.0,0.0,N/A
2026-09-19T15:15:00Z,CAT-950-LD02,OP1002,TSK-105,1.2,62.8,21,17.9,2084.2,1250.0,91.2,7.4,8.9,0.21,0.91,Fastened,4615.0,100.0,0.0,N/A
2026-09-19T16:39:00Z,CAT-950-LD02,OP1002,TSK-129,1.5,69.9,22,20.1,2106.7,1250.0,85.7,3.7,2.9,1.38,1.11,Fastened,4772.0,100.0,0.0,N/A
2026-09-19T17:23:00Z,CAT-950-LD02,OP1002,TSK-130,2.3,75.1,34,11.5,2134.7,1250.0,87.3,6.4,4.7,0.46,0.33,Fastened,4736.0,100.0,0.0,N/A
2026-09-20T07:34:00Z,CAT-950-LD02,OP1002,TSK-114,3.6,69.2,31,17.8,2165.0,1250.0,89.7,6.5,8.1,0.83,0.13,Fastened,4309.0,100.0,0.0,N/A
2026-09-20T08:14:00Z,CAT-950-LD02,OP1002,TSK-127,3.3,51.3,19,20.8,2183.5,1250.0,86.3,7.5,8.2,0.94,0.84,Fastened,4621.0,100.0,0.0,N/A
2026-09-20T09:43:00Z,CAT-950-LD02,OP1002,TSK-111,3.8,57.4,19,18.6,2215.2,1250.0,91.2,11.5,10.3,0.26,0.92,Fastened,4352.0,100.0,0.0,N/A
2026-09-20T10:57:00Z,CAT-950-LD02,OP1002,TSK-122,3.4,72.8,24,20.0,2235.7,1250.0,82.7,4.4,9.0,1.35,0.91,Fastened,4290.0,100.0,0.0,N/A
2026-09-20T11:47:00Z,CAT-950-LD02,OP1002,TSK-111,3.0,78.3,27,20.2,2264.7,1250.0,87.0,3.7,6.4,1.35,0.67,Fastened,4790.0,100.0,0.0,N/A
2026-09-20T12:44:00Z,CAT-950-LD02,OP1002,TSK-130,3.6,67.8,18,12.4,2291.7,1250.0,87.9,1.9,3.0,1.35,0.85,Fastened,4441.0,100.0,0.0,N/A
2026-09-20T13:09:00Z,CAT-950-LD02,OP1002,TSK-121,4.2,80.4,29,13.1,2313.9,1250.0,83.8,4.7,6.6,0.82,1.14,Fastened,4326.0,100.0,0.0,N/A
2026-09-20T14:36:00Z,CAT-950-LD02,OP1002,TSK-124,3.1,54.2,31,12.3,2344.2,1250.0,89.4,9.0,9.5,0.98,1.13,Fastened,4760.0,100.0,0.0,N/A
2026-09-20T15:18:00Z,CAT-950-LD02,OP1002,TSK-121,1.8,61.7,30,12.5,2369.7,1250.0,88.8,4.7,5.9,0.28,0.92,Fastened,4234.0,100.0,0.0,N/A
2026-09-20T16:24:00Z,CAT-950-LD02,OP1002,TSK-108,1.9,48.7,32,18.7,2389.9,1250.0,83.3,1.2,5.4,0.67,0.98,Fastened,4609.0,100.0,0.0,N/A
2026-09-20T17:11:00Z,CAT-950-LD02,OP1002,TSK-120,4.0,72.9,18,20.6,2408.0,1250.0,85.7,2.0,7.0,0.86,0.19,Fastened,4358.0,100.0,0.0,N/A
2026-09-21T07:56:00Z,CAT-950-LD02,OP1002,TSK-118,3.9,53.4,23,12.4,2436.5,1250.0,86.4,1.5,8.0,0.86,0.42,Fastened,4251.0,100.0,0.0,N/A
2026-09-21T08:44:00Z,CAT-950-LD02,OP1002,TSK-119,4.1,58.7,32,16.8,2456.6,1250.0,85.5,5.5,5.0,0.58,0.57,Fastened,4204.0,100.0,0.0,N/A
2026-09-21T09:16:00Z,CAT-950-LD02,OP1002,TSK-118,2.1,74.2,28,13.0,2478.9,1250.0,83.0,4.9,9.9,0.97,0.19,Fastened,4410.0,100.0,0.0,N/A
2026-09-21T10:36:00Z,CAT-950-LD02,OP1002,TSK-107,3.5,83.4,34,16.9,2507.7,1250.0,90.6,6.6,7.7,0.86,0.7,Fastened,4949.0,100.0,0.0,N/A
2026-09-21T11:51:00Z,CAT-950-LD02,OP1002,TSK-122,3.0,81.9,22,19.8,2532.7,1250.0,84.3,3.9,6.2,1.36,1.18,Fastened,4713.0,100.0,0.0,N/A
2026-09-21T12:10:00Z,CAT-950-LD02,OP1002,TSK-109,3.2,86.6,33,20.4,2553.9,1250.0,85.5,8.7,10.5,0.25,0.33,Fastened,4881.0,100.0,0.0,N/A
2026-09-21T13:32:00Z,CAT-950-LD02,OP1002,TSK-119,3.2,49.4,34,10.4,2580.0,1250.0,83.7,7.0,7.7,0.98,0.5,Fastened,4690.0,100.0,0.0,N/A
2026-09-21T14:35:00Z,CAT-950-LD02,OP1002,TSK-105,2.3,80.1,29,12.5,2605.0,1250.0,86.2,5.4,6.4,0.48,0.67,Fastened,4411.0,100.0,0.0,N/A
2026-09-21T15:53:00Z,CAT-950-LD02,OP1002,TSK-121,2.6,70.4,31,17.4,2625.3,1250.0,86.9,2.0,2.2,1.27,0.26,Fastened,4325.0,100.0,0.0,N/A
2026-09-21T16:35:00Z,CAT-950-LD02,OP1002,TSK-116,0.9,75.9,27,16.2,2649.9,1250.0,83.6,7.5,10.5,1.2,0.76,Fastened,4796.0,100.0,0.0,N/A
2026-09-21T17:13:00Z,CAT-950-LD02,OP1002,TSK-128,3.3,84.7,20,11.8,2670.7,1250.0,90.6,1.5,4.1,1.02,1.01,Fastened,4654.0,100.0,0.0,N/A
2026-09-22T07:36:00Z,CAT-950-LD02,OP1002,TSK-116,3.2,67.4,29,18.5,2701.8,1250.0,89.5,5.9,9.9,0.66,0.75,Fastened,4756.0,100.0,0.0,N/A
2026-09-22T08:46:00Z,CAT-950-LD02,OP1002,TSK-123,3.6,84.1,20,12.8,2722.4,1250.0,89.1,3.7,4.5,0.21,0.67,Fastened,4590.0,100.0,0.0,N/A
2026-09-22T09:15:00Z,CAT-950-LD02,OP1002,TSK-122,1.4,73.0,26,14.0,2749.0,1250.0,85.8,4.1,4.4,0.44,0.71,Fastened,4618.0,100.0,0.0,N/A
2026-09-22T10:24:00Z,CAT-950-LD02,OP1002,TSK-113,4.0,50.1,25,11.5,2770.0,1250.0,89.5,2.2,6.0,1.16,0.78,Fastened,4713.0,100.0,0.0,N/A
2026-09-22T11:40:00Z,CAT-950-LD02,OP1002,TSK-120,1.1,46.6,30,12.4,2792.0,1250.0,82.5,8.3,10.4,1.13,0.29,Fastened,4571.0,100.0,0.0,N/A
2026-09-22T12:34:00Z,CAT-950-LD02,OP1002,TSK-122,0.9,55.3,18,11.9,2815.6,1250.0,85.8,3.9,10.8,0.9,0.67,Fastened,4753.0,100.0,0.0,N/A
2026-09-22T13:19:00Z,CAT-950-LD02,OP1002,TSK-104,2.3,45.2,23,15.0,2837.7,1250.0,89.6,1.4,5.7,1.35,1.06,Fastened,4810.0,100.0,0.0,N/A
2026-09-22T14:46:00Z,CAT-950-LD02,OP1002,TSK-109,1.7,59.6,32,15.3,2862.4,1250.0,82.6,9.9,8.1,0.96,1.19,Fastened,4708.0,100.0,0.0,N/A
2026-09-22T15:22:00Z,CAT-950-LD02,OP1002,TSK-130,3.4,56.3,27,15.9,2881.5,1250.0,83.7,4.5,2.8,0.58,0.34,Fastened,4630.0,100.0,0.0,N/A
2026-09-22T16:49:00Z,CAT-950-LD02,OP1002,TSK-122,3.9,81.0,29,12.5,2909.0,1250.0,86.7,4.0,3.4,0.21,1.04,Fastened,4918.0,100.0,0.0,N/A
2026-09-22T17:25:00Z,CAT-950-LD02,OP1002,TSK-125,4.1,82.4,33,20.8,2932.6,1250.0,87.5,3.8,3.6,0.26,0.98,Fastened,4559.0,100.0,0.0,N/A
2026-09-23T07:13:00Z,CAT-950-LD02,OP1002,TSK-106,2.0,45.4,24,15.7,2962.7,1250.0,87.2,2.9,5.4,0.48,0.62,Fastened,4660.0,100.0,0.0,N/A
2026-09-23T08:33:00Z,CAT-950-LD02,OP1002,TSK-104,2.2,62.2,32,18.3,2983.9,1250.0,88.8,3.0,3.6,1.16,0.71,Fastened,4842.0,100.0,0.0,N/A
2026-09-23T09:28:00Z,CAT-950-LD02,OP1002,TSK-123,2.7,76.0,33,19.3,3007.5,1250.0,83.6,4.3,4.7,0.46,0.38,Fastened,4829.0,100.0,0.0,N/A
2026-09-23T10:03:00Z,CAT-950-LD02,OP1002,TSK-125,3.0,69.8,23,17.5,3032.6,1250.0,89.0,4.6,10.8,1.27,0.52,Fastened,4415.0,100.0,0.0,N/A
2026-09-23T11:11:00Z,CAT-950-LD02,OP1002,TSK-111,2.4,71.3,30,20.2,3053.8,1250.0,88.2,2.5,9.6,1.05,0.77,Fastened,4497.0,100.0,0.0,N/A
2026-09-23T12:51:00Z,CAT-950-LD02,OP1002,TSK-124,4.4,62.8,23,16.5,3075.3,1250.0,88.7,3.2,9.7,0.3,0.28,Fastened,4277.0,100.0,0.0,N/A
2026-09-23T13:50:00Z,CAT-950-LD02,OP1002,TSK-105,1.1,85.1,30,16.8,3102.1,1250.0,87.0,2.4,4.8,0.4,0.14,Fastened,4468.0,100.0,0.0,N/A
2026-09-23T14:57:00Z,CAT-950-LD02,OP1002,TSK-114,1.8,64.1,23,15.9,3132.4,1250.0,87.0,7.1,7.3,0.97,0.44,Fastened,4460.0,100.0,0.0,N/A
2026-09-23T15:53:00Z,CAT-950-LD02,OP1002,TSK-101,1.4,45.5,34,14.5,3157.0,1250.0,88.5,4.9,9.3,0.79,0.93,Fastened,4425.0,100.0,0.0,N/A
2026-09-23T16:53:00Z,CAT-950-LD02,OP1002,TSK-113,2.2,62.7,31,10.1,3180.5,1250.0,84.1,5.1,5.6,0.3,0.79,Fastened,4587.0,100.0,0.0,N/A
2026-09-23T17:41:00Z,CAT-950-LD02,OP1002,TSK-115,3.5,79.8,31,13.1,3200.0,1250.0,87.9,1.5,3.7,0.53,0.79,Fastened,4341.0,100.0,0.0,N/A
2026-09-14T07:11:00Z,CAT-336-EX01,OP1003,TSK-102,3.7,66.4,29,14.6,509.8,1250.0,84.5,3.7,6.2,0.67,0.7,Fastened,4336.0,100.0,0.0,N/A
2026-09-14T08:18:00Z,CAT-336-EX01,OP1003,TSK-122,3.6,55.7,32,11.3,538.1,1250.0,91.3,2.3,4.2,0.77,0.85,Unfastened,4434.0,100.0,0.0,N/A
2026-09-14T09:42:00Z,CAT-336-EX01,OP1003,TSK-121,1.3,65.7,27,16.0,559.1,1250.0,86.1,6.1,3.8,0.22,0.97,Unfastened,4639.0,100.0,0.0,N/A
2026-09-14T10:17:00Z,CAT-336-EX01,OP1003,TSK-125,2.6,70.6,29,18.6,586.7,1250.0,87.9,5.6,8.9,0.27,0.81,Fastened,4726.0,100.0,0.0,N/A
2026-09-14T11:10:00Z,CAT-336-EX01,OP1003,TSK-102,3.2,59.9,32,16.1,614.8,1250.0,86.6,4.1,8.6,0.73,0.42,Unfastened,4723.0,100.0,0.0,N/A
2026-09-14T12:40:00Z,CAT-336-EX01,OP1003,TSK-129,1.4,57.7,26,10.8,639.9,1250.0,82.2,7.0,6.9,1.23,0.95,Fastened,4379.0,100.0,0.0,N/A
2026-09-14T13:44:00Z,CAT-336-EX01,OP1003,TSK-103,3.3,77.9,22,12.1,659.4,1250.0,82.4,6.1,7.5,1.33,0.3,Fastened,4223.0,100.0,0.0,N/A
2026-09-14T14:41:00Z,CAT-336-EX01,OP1003,TSK-112,3.0,48.0,24,14.0,684.0,1250.0,87.3,9.5,7.9,1.33,0.56,Fastened,4477.0,100.0,0.0,N/A
2026-09-14T15:54:00Z,CAT-336-EX01,OP1003,TSK-117,3.9,48.4,24,18.1,709.4,1250.0,88.2,8.5,10.6,0.88,1.14,Unfastened,4619.0,100.0,0.0,N/A
2026-09-14T16:49:00Z,CAT-336-EX01,OP1003,TSK-120,2.5,73.6,21,13.9,732.1,1250.0,86.2,2.4,3.5,0.62,0.45,Unfastened,4944.0,100.0,0.0,N/A
2026-09-14T17:25:00Z,CAT-336-EX01,OP1003,TSK-113,2.0,55.4,24,19.1,755.1,1250.0,82.0,5.9,5.4,0.24,0.41,Fastened,4212.0,100.0,0.0,N/A
2026-09-15T07:46:00Z,CAT-336-EX01,OP1003,TSK-108,2.9,69.6,21,15.6,778.2,1250.0,84.4,1.4,2.3,0.56,0.73,Fastened,4627.0,100.0,0.0,N/A
2026-09-15T08:46:00Z,CAT-336-EX01,OP1003,TSK-114,3.2,46.6,30,11.0,801.1,1250.0,90.8,2.8,2.7,0.34,0.95,Fastened,4761.0,100.0,0.0,N/A
2026-09-15T09:02:00Z,CAT-336-EX01,OP1003,TSK-115,2.7,58.7,22,10.6,828.5,1250.0,89.2,2.0,4.9,0.89,0.2,Fastened,4524.0,100.0,0.0,N/A
2026-09-15T10:11:00Z,CAT-336-EX01,OP1003,TSK-107,1.0,62.2,20,16.3,857.2,1250.0,86.6,5.5,5.6,0.98,0.32,Fastened,4662.0,100.0,0.0,N/A
2026-09-15T11:17:00Z,CAT-336-EX01,OP1003,TSK-101,3.3,69.8,21,14.7,879.7,1250.0,89.3,4.1,8.0,0.4,0.48,Fastened,4816.0,100.0,0.0,N/A
2026-09-15T12:41:00Z,CAT-336-EX01,OP1003,TSK-127,1.5,61.1,20,19.0,910.7,1250.0,84.7,3.5,3.0,0.61,0.98,Fastened,4429.0,100.0,0.0,N/A
2026-09-15T13:23:00Z,CAT-336-EX01,OP1003,TSK-129,2.7,56.1,33,12.2,938.1,1250.0,88.3,8.0,7.6,0.25,0.29,Fastened,4413.0,100.0,0.0,N/A
2026-09-15T14:41:00Z,CAT-336-EX01,OP1003,TSK-113,1.0,73.4,29,20.4,965.2,1250.0,86.8,9.1,9.8,1.05,1.09,Unfastened,4563.0,100.0,0.0,N/A
2026-09-15T15:07:00Z,CAT-336-EX01,OP1003,TSK-122,4.2,45.9,25,15.0,993.6,1250.0,85.3,6.2,10.3,0.95,0.36,Unfastened,4934.0,100.0,0.0,N/A
2026-09-15T16:53:00Z,CAT-336-EX01,OP1003,TSK-117,4.5,87.6,26,14.3,1013.5,1250.0,91.1,2.8,4.0,0.93,0.79,Fastened,4371.0,100.0,0.0,N/A
2026-09-15T17:11:00Z,CAT-336-EX01,OP1003,TSK-129,2.5,50.7,22,16.7,1033.4,1250.0,87.0,2.8,7.2,0.36,1.2,Fastened,4932.0,100.0,0.0,N/A
2026-09-16T07:03:00Z,CAT-336-EX01,OP1003,TSK-120,2.3,64.0,26,14.6,1051.8,1250.0,84.5,1.5,3.4,0.88,0.35,Fastened,4374.0,100.0,0.0,N/A
2026-09-16T08:24:00Z,CAT-336-EX01,OP1003,TSK-114,3.9,65.2,29,11.5,1072.1,1250.0,89.3,3.1,3.7,0.22,0.4,Unfastened,4510.0,100.0,0.0,N/A
2026-09-16T09:14:00Z,CAT-336-EX01,OP1003,TSK-120,4.4,82.3,33,20.2,1096.1,1250.0,89.0,10.1,8.2,0.66,0.44,Fastened,4659.0,100.0,0.0,N/A
2026-09-16T10:40:00Z,CAT-336-EX01,OP1003,TSK-124,0.9,49.7,32,17.7,1121.4,1250.0,82.4,10.0,9.4,0.66,0.94,Fastened,4922.0,100.0,0.0,N/A
2026-09-16T11:20:00Z,CAT-336-EX01,OP1003,TSK-118,1.3,80.7,32,15.7,1147.6,1250.0,83.3,1.7,2.8,0.7,0.6,Fastened,4334.0,100.0,0.0,N/A
2026-09-16T12:47:00Z,CAT-336-EX01,OP1003,TSK-117,2.0,72.9,23,11.0,1171.9,1250.0,88.7,2.0,8.5,1.07,1.17,Fastened,4659.0,100.0,0.0,N/A
2026-09-16T13:57:00Z,CAT-336-EX01,OP1003,TSK-129,1.5,75.6,31,19.6,1193.9,1250.0,83.2,7.2,4.8,0.44,0.78,Unfastened,4390.0,100.0,0.0,N/A
2026-09-16T14:56:00Z,CAT-336-EX01,OP1003,TSK-109,2.6,54.3,33,16.7,1212.0,1250.0,87.9,5.2,6.1,0.87,1.01,Fastened,4237.0,100.0,0.0,N/A
2026-09-16T15:38:00Z,CAT-336-EX01,OP1003,TSK-118,1.0,62.9,23,20.1,1239.8,1250.0,83.7,3.5,3.5,0.75,0.74,Fastened,4899.0,100.0,0.0,N/A
2026-09-16T16:06:00Z,CAT-336-EX01,OP1003,TSK-117,1.8,67.7,34,17.6,1265.8,1250.0,91.4,1.2,3.9,0.78,0.86,Fastened,4900.0,100.0,0.0,N/A
2026-09-16T17:20:00Z,CAT-336-EX01,OP1003,TSK-129,2.9,71.8,22,12.9,1290.8,1250.0,87.8,7.2,7.5,1.05,1.18,Fastened,4201.0,100.0,0.0,N/A
2026-09-17T07:37:00Z,CAT-336-EX01,OP1003,TSK-111,3.4,55.9,20,17.0,1308.9,1250.0,85.8,2.9,4.8,0.88,1.16,Fastened,4824.0,100.0,0.0,N/A
2026-09-17T08:43:00Z,CAT-336-EX01,OP1003,TSK-124,4.0,83.5,32,15.1,1338.6,1250.0,88.4,8.3,9.1,0.87,0.12,Fastened,4633.0,100.0,0.0,N/A
2026-09-17T09:58:00Z,CAT-336-EX01,OP1003,TSK-128,3.9,59.6,30,11.6,1362.1,1250.0,89.4,6.5,7.6,0.57,1.04,Fastened,4732.0,100.0,0.0,N/A
2026-09-17T10:07:00Z,CAT-336-EX01,OP1003,TSK-117,4.3,54.3,27,15.0,1382.9,1250.0,82.2,1.2,3.6,0.78,0.65,Unfastened,4343.0,100.0,0.0,N/A
2026-09-17T11:48:00Z,CAT-336-EX01,OP1003,TSK-117,3.6,49.2,34,13.6,1407.3,1250.0,83.1,6.8,8.1,0.57,0.15,Fastened,4836.0,100.0,0.0,N/A
2026-09-17T12:23:00Z,CAT-336-EX01,OP1003,TSK-125,3.2,58.4,27,15.7,1429.3,1250.0,86.2,2.6,7.7,0.34,0.26,Fastened,4405.0,100.0,0.0,N/A
2026-09-17T13:22:00Z,CAT-336-EX01,OP1003,TSK-122,2.9,52.4,27,18.8,1449.1,1250.0,82.5,4.6,7.5,0.66,0.19,Fastened,4494.0,100.0,0.0,N/A
2026-09-17T14:39:00Z,CAT-336-EX01,OP1003,TSK-115,2.1,59.3,24,14.9,1480.7,1250.0,87.4,6.3,8.4,0.31,0.98,Fastened,4724.0,100.0,0.0,N/A
2026-09-17T15:16:00Z,CAT-336-EX01,OP1003,TSK-112,2.1,52.9,28,12.8,1499.1,1250.0,86.5,6.1,9.1,1.21,0.41,Fastened,4461.0,100.0,0.0,N/A
2026-09-17T16:34:00Z,CAT-336-EX01,OP1003,TSK-116,2.0,72.9,27,18.8,1525.8,1250.0,85.6,4.1,6.8,0.61,1.0,Fastened,4643.0,100.0,0.0,N/A
2026-09-17T17:29:00Z,CAT-336-EX01,OP1003,TSK-110,1.4,73.8,33,17.6,1545.2,1250.0,91.1,2.4,3.0,0.28,0.22,Fastened,4811.0,100.0,0.0,N/A
2026-09-18T07:05:00Z,CAT-336-EX01,OP1003,TSK-115,4.1,72.4,18,19.8,1567.3,1250.0,83.9,5.7,8.8,1.02,0.45,Fastened,4628.0,100.0,0.0,N/A
2026-09-18T08:21:00Z,CAT-336-EX01,OP1003,TSK-129,4.2,87.6,18,17.9,1597.2,1250.0,87.2,8.2,7.5,0.26,0.87,Unfastened,4816.0,100.0,0.0,N/A
2026-09-18T09:57:00Z,CAT-336-EX01,OP1003,TSK-118,3.0,71.9,30,14.7,1617.6,1250.0,85.7,2.4,5.7,1.31,1.02,Unfastened,4316.0,100.0,0.0,N/A
2026-09-18T10:44:00Z,CAT-336-EX01,OP1003,TSK-129,1.3,83.1,31,17.1,1646.9,1250.0,89.5,2.5,10.8,0.93,0.57,Fastened,4335.0,100.0,0.0,N/A
2026-09-18T11:37:00Z,CAT-336-EX01,OP1003,TSK-112,2.4,45.3,33,12.5,1670.7,1250.0,82.3,5.9,9.6,0.25,0.63,Fastened,4476.0,100.0,0.0,N/A
2026-09-18T12:46:00Z,CAT-336-EX01,OP1003,TSK-124,4.0,77.3,26,15.8,1689.9,1250.0,88.3,6.3,6.2,1.0,0.85,Fastened,4604.0,100.0,0.0,N/A
2026-09-18T13:41:00Z,CAT-336-EX01,OP1003,TSK-106,2.5,67.0,33,18.6,1721.6,1250.0,82.3,3.7,7.2,1.31,0.92,Fastened,4745.0,100.0,0.0,N/A
2026-09-18T14:05:00Z,CAT-336-EX01,OP1003,TSK-105,3.2,57.5,18,16.3,1751.5,1250.0,87.9,3.2,4.6,0.53,0.38,Unfastened,4756.0,100.0,0.0,N/A
2026-09-18T15:39:00Z,CAT-336-EX01,OP1003,TSK-105,1.4,78.6,25,14.1,1774.3,1250.0,87.7,8.2,6.4,1.19,1.02,Unfastened,4765.0,100.0,0.0,N/A
2026-09-18T16:26:00Z,CAT-336-EX01,OP1003,TSK-116,1.6,76.6,29,17.0,1793.0,1250.0,84.9,3.3,2.5,1.1,0.93,Fastened,4599.0,100.0,0.0,N/A
2026-09-18T17:47:00Z,CAT-336-EX01,OP1003,TSK-118,2.4,57.4,32,15.8,1824.4,1250.0,88.1,4.1,5.4,1.35,0.57,Unfastened,4889.0,100.0,0.0,N/A
2026-09-19T07:18:00Z,CAT-336-EX01,OP1003,TSK-101,3.6,76.6,24,18.5,1846.8,1250.0,89.9,9.2,6.7,0.21,0.21,Unfastened,4278.0,100.0,0.0,N/A
2026-09-19T08:16:00Z,CAT-336-EX01,OP1003,TSK-105,3.1,47.4,24,10.4,1866.5,1250.0,85.6,9.5,10.6,1.12,0.81,Fastened,4802.0,100.0,0.0,N/A
2026-09-19T09:42:00Z,CAT-336-EX01,OP1003,TSK-102,3.4,73.7,28,18.5,1885.4,1250.0,84.5,2.7,4.3,1.18,0.3,Fastened,4252.0,100.0,0.0,N/A
2026-09-19T10:14:00Z,CAT-336-EX01,OP1003,TSK-103,1.3,78.1,24,15.4,1907.0,1250.0,87.4,4.2,7.5,0.5,0.59,Unfastened,4872.0,100.0,0.0,N/A
2026-09-19T11:27:00Z,CAT-336-EX01,OP1003,TSK-119,2.6,63.8,20,20.3,1936.5,1250.0,87.1,7.1,6.9,1.39,0.47,Fastened,4427.0,100.0,0.0,N/A
2026-09-19T12:55:00Z,CAT-336-EX01,OP1003,TSK-116,1.5,46.7,30,17.1,1956.0,1250.0,82.8,4.2,7.9,0.96,0.91,Fastened,4305.0,100.0,0.0,N/A
2026-09-19T13:52:00Z,CAT-336-EX01,OP1003,TSK-126,3.9,64.3,18,15.9,1974.6,1250.0,88.2,2.6,2.3,0.83,1.13,Unfastened,4853.0,100.0,0.0,N/A
2026-09-19T14:49:00Z,CAT-336-EX01,OP1003,TSK-121,1.3,73.1,33,10.4,2001.7,1250.0,82.5,3.8,10.2,0.57,0.97,Unfastened,4542.0,100.0,0.0,N/A
2026-09-19T15:29:00Z,CAT-336-EX01,OP1003,TSK-103,2.3,50.2,22,18.1,2020.3,1250.0,83.1,2.6,4.9,0.37,0.56,Unfastened,4722.0,100.0,0.0,N/A
2026-09-19T16:30:00Z,CAT-336-EX01,OP1003,TSK-103,3.7,72.2,30,11.5,2038.4,1250.0,88.7,5.2,9.0,0.91,0.41,Unfastened,4720.0,100.0,0.0,N/A
2026-09-19T17:32:00Z,CAT-336-EX01,OP1003,TSK-121,2.7,62.7,23,17.0,2063.4,1250.0,89.9,2.3,7.5,0.56,0.56,Fastened,4618.0,100.0,0.0,N/A
2026-09-20T07:45:00Z,CAT-336-EX01,OP1003,TSK-125,1.4,84.7,19,15.5,2086.1,1250.0,86.3,4.5,7.8,0.33,0.16,Fastened,4603.0,100.0,0.0,N/A
2026-09-20T08:22:00Z,CAT-336-EX01,OP1003,TSK-116,1.7,49.7,25,19.9,2109.4,1250.0,87.6,5.0,2.9,0.27,0.58,Unfastened,4362.0,100.0,0.0,N/A
2026-09-20T09:13:00Z,CAT-336-EX01,OP1003,TSK-115,3.1,86.9,24,17.9,2131.3,1250.0,86.4,3.6,5.0,0.41,0.48,Unfastened,4865.0,100.0,0.0,N/A
2026-09-20T10:52:00Z,CAT-336-EX01,OP1003,TSK-127,2.9,68.8,25,20.0,2163.2,1250.0,86.4,3.4,2.8,0.22,0.57,Fastened,4854.0,100.0,0.0,N/A
2026-09-20T11:29:00Z,CAT-336-EX01,OP1003,TSK-114,1.4,69.7,18,16.5,2191.5,1250.0,87.0,6.4,5.8,0.78,0.98,Fastened,4816.0,100.0,0.0,N/A
2026-09-20T12:17:00Z,CAT-336-EX01,OP1003,TSK-123,2.3,54.4,29,17.6,2216.2,1250.0,86.4,1.6,4.7,0.88,0.74,Fastened,4932.0,100.0,0.0,N/A
2026-09-20T13:10:00Z,CAT-336-EX01,OP1003,TSK-114,2.2,65.0,18,18.7,2238.9,1250.0,89.2,9.4,9.7,1.04,0.77,Unfastened,4631.0,100.0,0.0,N/A
2026-09-20T14:45:00Z,CAT-336-EX01,OP1003,TSK-111,2.5,46.8,29,14.2,2266.8,1250.0,84.3,1.3,3.6,0.34,0.63,Unfastened,4904.0,100.0,0.0,N/A
2026-09-20T15:46:00Z,CAT-336-EX01,OP1003,TSK-104,2.1,56.5,31,12.5,2291.6,1250.0,86.5,2.4,4.5,0.84,1.01,Fastened,4875.0,100.0,0.0,N/A
2026-09-20T16:25:00Z,CAT-336-EX01,OP1003,TSK-106,4.3,47.8,32,18.9,2323.0,1250.0,84.6,1.6,2.8,1.04,0.65,Unfastened,4856.0,100.0,0.0,N/A
2026-09-20T17:42:00Z,CAT-336-EX01,OP1003,TSK-108,4.2,65.4,31,17.5,2341.9,1250.0,89.9,3.2,6.0,0.82,0.47,Fastened,4634.0,100.0,0.0,N/A
2026-09-21T07:35:00Z,CAT-336-EX01,OP1003,TSK-105,1.3,78.9,23,13.3,2363.9,1250.0,85.4,4.5,9.1,0.75,0.28,Fastened,4893.0,100.0,0.0,N/A
2026-09-21T08:20:00Z,CAT-336-EX01,OP1003,TSK-106,4.1,79.2,23,17.8,2383.7,1250.0,83.9,2.2,4.1,1.05,0.83,Unfastened,4934.0,100.0,0.0,N/A
2026-09-21T09:33:00Z,CAT-336-EX01,OP1003,TSK-119,1.4,86.7,34,20.2,2405.8,1250.0,88.3,4.1,5.0,1.16,0.9,Fastened,4892.0,100.0,0.0,N/A
2026-09-21T10:09:00Z,CAT-336-EX01,OP1003,TSK-107,2.8,58.2,30,11.5,2428.4,1250.0,87.5,3.8,7.6,0.47,1.13,Fastened,4408.0,100.0,0.0,N/A
2026-09-21T11:27:00Z,CAT-336-EX01,OP1003,TSK-112,4.3,84.1,29,16.7,2451.8,1250.0,85.3,4.1,5.6,1.37,1.06,Unfastened,4266.0,100.0,0.0,N/A
2026-09-21T12:30:00Z,CAT-336-EX01,OP1003,TSK-110,1.4,76.3,31,14.9,2478.2,1250.0,86.5,8.8,8.6,1.24,1.19,Unfastened,4250.0,100.0,0.0,N/A
2026-09-21T13:50:00Z,CAT-336-EX01,OP1003,TSK-118,1.8,52.5,32,17.0,2498.8,1250.0,86.7,2.4,8.4,1.19,0.43,Fastened,4639.0,100.0,0.0,N/A
2026-09-21T14:49:00Z,CAT-336-EX01,OP1003,TSK-121,1.8,86.1,33,10.0,2519.3,1250.0,84.3,2.3,3.1,0.34,0.4,Fastened,4946.0,100.0,0.0,N/A
2026-09-21T15:42:00Z,CAT-336-EX01,OP1003,TSK-105,2.2,76.5,18,19.0,2541.8,1250.0,85.4,1.6,9.6,0.26,0.5,Fastened,4677.0,100.0,0.0,N/A
2026-09-21T16:05:00Z,CAT-336-EX01,OP1003,TSK-128,2.7,78.0,23,20.3,2564.3,1250.0,88.5,2.7,8.9,0.56,0.85,Fastened,4716.0,100.0,0.0,N/A
2026-09-21T17:51:00Z,CAT-336-EX01,OP1003,TSK-128,1.2,51.6,25,20.0,2592.0,1250.0,87.1,7.4,9.5,0.86,0.93,Fastened,4285.0,100.0,0.0,N/A
2026-09-22T07:03:00Z,CAT-336-EX01,OP1003,TSK-108,3.8,83.3,34,14.0,2610.4,1250.0,83.2,7.7,8.9,1.03,0.86,Fastened,4431.0,100.0,0.0,N/A
2026-09-22T08:03:00Z,CAT-336-EX01,OP1003,TSK-101,1.2,79.1,34,10.5,2629.0,1250.0,89.2,8.5,7.3,1.14,1.11,Fastened,4354.0,100.0,0.0,N/A
2026-09-22T09:13:00Z,CAT-336-EX01,OP1003,TSK-103,3.6,56.9,29,11.6,2655.6,1250.0,82.9,6.7,5.2,0.89,0.12,Fastened,4363.0,100.0,0.0,N/A
2026-09-22T10:56:00Z,CAT-336-EX01,OP1003,TSK-125,2.4,86.2,23,16.5,2680.8,1250.0,91.4,6.1,9.5,0.35,0.22,Fastened,4302.0,100.0,0.0,N/A
2026-09-22T11:47:00Z,CAT-336-EX01,OP1003,TSK-110,2.6,61.5,32,10.9,2705.0,1250.0,91.4,8.6,7.4,0.71,1.04,Fastened,4871.0,100.0,0.0,N/A
2026-09-22T12:45:00Z,CAT-336-EX01,OP1003,TSK-104,3.3,62.0,34,17.4,2728.6,1250.0,89.0,2.1,7.9,1.27,0.29,Fastened,4473.0,100.0,0.0,N/A
2026-09-22T13:47:00Z,CAT-336-EX01,OP1003,TSK-125,3.8,85.6,29,18.3,2753.4,1250.0,86.3,4.1,6.3,0.35,0.64,Unfastened,4373.0,100.0,0.0,N/A
2026-09-22T14:03:00Z,CAT-336-EX01,OP1003,TSK-122,3.3,86.8,30,10.8,2780.1,1250.0,89.1,3.4,7.4,1.12,0.97,Fastened,4351.0,100.0,0.0,N/A
2026-09-22T15:33:00Z,CAT-336-EX01,OP1003,TSK-115,2.8,45.8,19,18.9,2804.4,1250.0,86.4,2.6,10.9,0.24,0.71,Fastened,4845.0,100.0,0.0,N/A
2026-09-22T16:47:00Z,CAT-336-EX01,OP1003,TSK-117,2.2,77.9,33,13.4,2829.1,1250.0,82.5,6.4,7.9,0.52,0.75,Fastened,4483.0,100.0,0.0,N/A
2026-09-22T17:51:00Z,CAT-336-EX01,OP1003,TSK-114,1.0,81.0,29,10.3,2855.9,1250.0,85.3,9.1,9.3,0.63,0.49,Fastened,4696.0,100.0,0.0,N/A
2026-09-23T07:06:00Z,CAT-336-EX01,OP1003,TSK-111,2.8,46.6,31,11.9,2883.6,1250.0,85.6,3.5,7.1,0.67,0.73,Fastened,4806.0,100.0,0.0,N/A
2026-09-23T08:41:00Z,CAT-336-EX01,OP1003,TSK-113,3.2,86.9,20,12.2,2902.3,1250.0,89.6,4.1,9.6,0.95,1.15,Fastened,4738.0,100.0,0.0,N/A
2026-09-23T09:39:00Z,CAT-336-EX01,OP1003,TSK-107,2.6,54.0,20,18.8,2926.4,1250.0,85.9,7.7,7.9,0.5,0.67,Fastened,4704.0,100.0,0.0,N/A
2026-09-23T10:58:00Z,CAT-336-EX01,OP1003,TSK-130,2.9,54.2,32,19.5,2956.3,1250.0,87.4,5.7,4.4,0.95,0.67,Fastened,4473.0,100.0,0.0,N/A
2026-09-23T11:55:00Z,CAT-336-EX01,OP1003,TSK-108,1.8,57.3,23,19.3,2975.9,1250.0,89.6,3.3,4.3,0.57,0.63,Unfastened,4943.0,100.0,0.0,N/A
2026-09-23T12:04:00Z,CAT-336-EX01,OP1003,TSK-129,3.7,56.9,23,10.3,3004.9,1250.0,82.8,6.4,7.8,0.92,1.05,Unfastened,4875.0,100.0,0.0,N/A
2026-09-23T13:25:00Z,CAT-336-EX01,OP1003,TSK-125,3.9,81.2,25,14.4,3030.2,1250.0,90.8,5.4,3.0,0.5,1.07,Fastened,4379.0,100.0,0.0,N/A
2026-09-23T14:29:00Z,CAT-336-EX01,OP1003,TSK-122,1.8,62.6,19,12.4,3052.6,1250.0,84.3,7.7,6.4,0.53,0.96,Fastened,4309.0,100.0,0.0,N/A
2026-09-23T15:25:00Z,CAT-336-EX01,OP1003,TSK-123,3.0,81.2,19,20.6,3078.3,1250.0,85.4,3.4,8.2,1.17,0.23,Fastened,4850.0,100.0,0.0,N/A
2026-09-23T16:26:00Z,CAT-336-EX01,OP1003,TSK-126,4.2,57.9,25,20.2,3102.4,1250.0,89.3,2.1,4.7,0.69,0.14,Fastened,4850.0,100.0,0.0,N/A
2026-09-23T17:33:00Z,CAT-336-EX01,OP1003,TSK-127,3.5,82.7,21,19.3,3125.3,1250.0,87.2,6.6,9.4,0.59,0.86,Fastened,4771.0,100.0,0.0,N/A
2026-09-14T07:27:00Z,CAT-349-EX03,OP1004,TSK-116,1.2,55.7,22,16.3,480.0,1277.1,90.3,9.8,9.6,0.36,0.29,Fastened,4645.0,81.2,35.3,Discharging
2026-09-14T08:07:00Z,CAT-349-EX03,OP1004,TSK-108,4.3,83.0,25,19.6,480.0,1308.9,90.6,2.0,2.2,1.37,0.32,Fastened,4726.0,68.4,33.7,Discharging
2026-09-14T09:29:00Z,CAT-349-EX03,OP1004,TSK-122,1.4,69.4,18,20.5,480.0,1338.2,86.7,9.6,8.5,0.47,0.32,Fastened,4910.0,56.7,40.1,Discharging
2026-09-14T10:49:00Z,CAT-349-EX03,OP1004,TSK-101,3.0,87.8,27,19.4,480.0,1372.9,84.8,2.5,8.5,0.51,0.78,Fastened,4880.0,42.8,35.7,Discharging
2026-09-14T11:31:00Z,CAT-349-EX03,OP1004,TSK-104,4.4,62.1,24,19.6,480.0,1399.0,87.3,8.4,8.4,0.26,1.12,Fastened,4553.0,32.4,35.5,Discharging
2026-09-14T12:44:00Z,CAT-349-EX03,OP1004,TSK-118,1.0,55.9,30,18.2,480.0,1436.5,82.4,3.0,4.7,0.42,0.29,Fastened,4570.0,18.0,35.4,Discharging
2026-09-14T13:07:00Z,CAT-349-EX03,OP1004,TSK-114,1.2,46.9,22,11.6,480.0,1464.3,84.7,3.5,6.5,1.25,0.77,Fastened,4771.0,18.0,34.6,Discharging
2026-09-14T14:12:00Z,CAT-349-EX03,OP1004,TSK-109,1.4,81.7,32,18.4,480.0,1486.9,83.6,1.6,2.5,0.76,0.23,Fastened,4871.0,18.0,36.9,Discharging
2026-09-14T15:47:00Z,CAT-349-EX03,OP1004,TSK-117,3.5,51.4,29,11.2,480.0,1511.6,89.8,1.9,2.8,0.88,0.83,Fastened,4359.0,18.0,42.0,Discharging
2026-09-14T16:51:00Z,CAT-349-EX03,OP1004,TSK-105,1.9,87.2,21,13.6,480.0,1547.0,82.3,7.4,5.5,0.75,0.88,Fastened,4560.0,18.0,38.3,Discharging
2026-09-14T17:44:00Z,CAT-349-EX03,OP1004,TSK-102,4.3,59.0,22,17.2,480.0,1574.2,89.1,3.3,3.9,0.86,0.76,Fastened,4269.0,18.0,34.6,Discharging
2026-09-15T07:12:00Z,CAT-349-EX03,OP1004,TSK-122,4.3,51.6,27,17.1,480.0,1601.2,87.7,6.8,6.4,0.63,0.21,Fastened,4476.0,18.0,34.0,Discharging
2026-09-15T08:26:00Z,CAT-349-EX03,OP1004,TSK-115,3.6,79.9,23,14.7,480.0,1628.7,88.4,1.3,5.9,0.98,0.88,Fastened,4898.0,18.0,37.3,Discharging
2026-09-15T09:07:00Z,CAT-349-EX03,OP1004,TSK-119,2.6,51.4,22,20.0,480.0,1657.5,82.5,3.1,8.2,0.29,0.15,Fastened,4281.0,18.0,36.2,Discharging
2026-09-15T10:39:00Z,CAT-349-EX03,OP1004,TSK-111,3.2,52.7,23,11.3,480.0,1690.8,87.6,4.8,9.6,0.75,0.84,Fastened,4668.0,18.0,34.7,Discharging
2026-09-15T11:57:00Z,CAT-349-EX03,OP1004,TSK-121,4.4,56.2,21,10.9,480.0,1713.0,86.5,3.2,5.9,1.03,1.06,Fastened,4924.0,18.0,38.0,Discharging
2026-09-15T12:41:00Z,CAT-349-EX03,OP1004,TSK-123,4.4,74.0,27,17.6,480.0,1748.1,91.2,1.5,2.8,1.23,0.33,Fastened,4686.0,18.0,38.5,Discharging
2026-09-15T13:42:00Z,CAT-349-EX03,OP1004,TSK-116,3.6,51.4,31,10.9,480.0,1781.3,86.5,1.3,2.2,1.23,0.74,Fastened,4351.0,18.0,37.7,Discharging
2026-09-15T14:05:00Z,CAT-349-EX03,OP1004,TSK-116,2.4,62.9,33,19.3,480.0,1808.0,85.8,6.5,8.6,0.82,0.9,Fastened,4901.0,18.0,41.1,Discharging
2026-09-15T15:16:00Z,CAT-349-EX03,OP1004,TSK-115,2.0,47.7,31,14.6,480.0,1840.3,88.6,7.1,10.0,0.22,0.42,Fastened,4344.0,18.0,35.4,Discharging
2026-09-15T16:16:00Z,CAT-349-EX03,OP1004,TSK-127,4.0,75.8,32,20.1,480.0,1877.7,90.9,3.5,3.2,0.98,0.5,Fastened,4554.0,18.0,41.7,Discharging
2026-09-15T17:12:00Z,CAT-349-EX03,OP1004,TSK-122,4.5,58.1,24,14.6,480.0,1903.9,83.5,4.4,7.0,1.19,1.08,Fastened,4224.0,18.0,32.6,Discharging
2026-09-16T07:23:00Z,CAT-349-EX03,OP1004,TSK-126,2.9,83.5,34,18.5,480.0,1941.0,86.3,1.4,7.4,1.21,0.22,Fastened,4279.0,18.0,38.1,Discharging
2026-09-16T08:08:00Z,CAT-349-EX03,OP1004,TSK-124,3.1,82.4,29,11.2,480.0,1971.1,90.3,2.7,3.4,0.39,0.5,Fastened,4814.0,18.0,33.2,Discharging
2026-09-16T09:20:00Z,CAT-349-EX03,OP1004,TSK-126,3.6,60.5,25,14.1,480.0,1996.8,86.1,3.2,3.4,1.3,1.09,Fastened,4914.0,18.0,37.2,Discharging
2026-09-16T10:03:00Z,CAT-349-EX03,OP1004,TSK-125,2.7,48.0,28,17.9,480.0,2019.8,82.4,2.2,4.8,1.31,0.27,Fastened,4631.0,18.0,41.8,Discharging
2026-09-16T11:53:00Z,CAT-349-EX03,OP1004,TSK-129,2.3,74.3,27,13.3,480.0,2055.0,87.0,4.1,8.5,1.3,0.87,Fastened,4535.0,18.0,34.1,Discharging
2026-09-16T12:52:00Z,CAT-349-EX03,OP1004,TSK-124,3.8,72.9,24,13.8,480.0,2083.2,89.0,6.2,9.9,0.35,1.19,Fastened,4413.0,18.0,32.9,Discharging
2026-09-16T13:35:00Z,CAT-349-EX03,OP1004,TSK-104,4.1,68.2,26,10.3,480.0,2121.0,89.0,5.4,4.2,1.21,0.39,Fastened,4581.0,18.0,33.2,Discharging
2026-09-16T14:09:00Z,CAT-349-EX03,OP1004,TSK-122,2.1,55.2,25,10.1,480.0,2154.4,83.3,5.4,5.2,0.65,0.91,Fastened,4279.0,18.0,37.2,Discharging
2026-09-16T15:07:00Z,CAT-349-EX03,OP1004,TSK-119,1.6,48.4,34,11.4,480.0,2190.4,86.7,6.3,5.6,0.71,0.58,Fastened,4898.0,18.0,36.9,Discharging
2026-09-16T16:54:00Z,CAT-349-EX03,OP1004,TSK-124,2.5,86.6,34,15.3,480.0,2220.0,83.5,3.1,9.8,0.87,1.11,Fastened,4289.0,18.0,40.5,Discharging
2026-09-16T17:25:00Z,CAT-349-EX03,OP1004,TSK-124,1.3,70.4,19,18.7,480.0,2244.9,86.6,4.1,10.4,0.35,0.48,Fastened,4853.0,18.0,36.2,Discharging
2026-09-17T07:32:00Z,CAT-349-EX03,OP1004,TSK-120,1.3,72.4,32,11.5,480.0,2268.3,88.3,6.8,8.0,0.69,0.36,Fastened,4497.0,18.0,37.4,Discharging
2026-09-17T08:58:00Z,CAT-349-EX03,OP1004,TSK-120,1.4,46.1,27,11.0,480.0,2293.4,87.1,4.8,7.0,1.11,1.15,Fastened,4591.0,18.0,39.5,Discharging
2026-09-17T09:03:00Z,CAT-349-EX03,OP1004,TSK-118,0.9,78.8,25,12.0,480.0,2316.8,87.8,7.7,9.5,0.68,0.15,Fastened,4846.0,18.0,32.2,Discharging
2026-09-17T10:28:00Z,CAT-349-EX03,OP1004,TSK-114,1.1,87.1,23,14.2,480.0,2341.3,88.4,4.6,4.6,0.27,1.16,Fastened,4336.0,18.0,39.1,Discharging
2026-09-17T11:08:00Z,CAT-349-EX03,OP1004,TSK-117,2.2,80.6,21,13.6,480.0,2367.1,89.1,2.6,2.5,0.66,0.23,Fastened,4245.0,18.0,36.6,Discharging
2026-09-17T12:32:00Z,CAT-349-EX03,OP1004,TSK-114,0.9,68.8,21,20.1,480.0,2394.0,86.2,5.2,4.2,1.22,0.65,Fastened,4787.0,18.0,33.4,Discharging
2026-09-17T13:12:00Z,CAT-349-EX03,OP1004,TSK-106,4.2,64.4,18,14.7,480.0,2426.4,82.0,8.3,9.3,1.32,0.63,Fastened,4648.0,18.0,40.4,Discharging
2026-09-17T14:24:00Z,CAT-349-EX03,OP1004,TSK-118,1.8,51.9,20,19.2,480.0,2450.6,91.5,1.7,4.7,1.25,0.33,Fastened,4579.0,18.0,40.0,Discharging
2026-09-17T15:23:00Z,CAT-349-EX03,OP1004,TSK-123,1.8,73.5,28,17.8,480.0,2472.9,83.3,4.6,5.1,1.31,0.77,Fastened,4203.0,18.0,32.1,Discharging
2026-09-17T16:07:00Z,CAT-349-EX03,OP1004,TSK-112,0.9,80.8,32,10.9,480.0,2508.1,85.7,8.0,8.1,1.21,0.99,Fastened,4938.0,18.0,33.2,Discharging
2026-09-17T17:14:00Z,CAT-349-EX03,OP1004,TSK-108,1.8,84.6,29,10.2,480.0,2543.0,84.2,4.5,3.7,0.79,0.5,Fastened,4411.0,18.0,41.0,Discharging
2026-09-18T07:09:00Z,CAT-349-EX03,OP1004,TSK-119,2.8,73.4,23,15.4,480.0,2569.2,90.1,1.2,2.6,1.26,0.9,Fastened,4406.0,18.0,40.5,Discharging
2026-09-18T08:37:00Z,CAT-349-EX03,OP1004,TSK-115,3.3,73.0,28,14.7,480.0,2602.1,86.7,3.3,5.9,0.82,0.15,Fastened,4741.0,18.0,32.5,Discharging
2026-09-18T09:36:00Z,CAT-349-EX03,OP1004,TSK-130,1.1,69.6,18,12.1,480.0,2639.4,84.4,8.6,10.9,0.4,0.44,Fastened,4669.0,18.0,33.0,Discharging
2026-09-18T10:53:00Z,CAT-349-EX03,OP1004,TSK-126,3.9,55.6,33,20.3,480.0,2666.7,84.2,1.3,4.1,0.29,0.76,Fastened,4529.0,18.0,33.0,Discharging
2026-09-18T11:09:00Z,CAT-349-EX03,OP1004,TSK-120,2.0,81.5,20,10.4,480.0,2689.6,87.9,8.0,9.0,0.28,0.85,Fastened,4619.0,18.0,34.9,Discharging
2026-09-18T12:08:00Z,CAT-349-EX03,OP1004,TSK-111,3.7,71.8,32,19.5,480.0,2721.5,88.2,7.5,5.5,1.01,0.13,Fastened,4588.0,18.0,37.9,Discharging
2026-09-18T13:34:00Z,CAT-349-EX03,OP1004,TSK-125,2.4,55.5,19,18.0,480.0,2758.9,85.4,2.3,2.5,0.9,0.7,Fastened,4309.0,18.0,36.7,Discharging
2026-09-18T14:20:00Z,CAT-349-EX03,OP1004,TSK-107,3.3,47.5,34,16.5,480.0,2786.4,88.1,1.6,9.4,0.44,0.18,Fastened,4342.0,18.0,36.8,Discharging
2026-09-18T15:31:00Z,CAT-349-EX03,OP1004,TSK-116,4.4,71.5,31,16.4,480.0,2823.0,84.1,5.2,5.0,0.2,0.35,Fastened,4373.0,18.0,38.2,Discharging
2026-09-18T16:49:00Z,CAT-349-EX03,OP1004,TSK-110,2.2,62.2,18,18.9,480.0,2846.8,86.2,1.2,5.3,0.96,1.1,Fastened,4470.0,18.0,41.8,Discharging
2026-09-18T17:17:00Z,CAT-349-EX03,OP1004,TSK-110,4.2,45.9,22,19.3,480.0,2883.8,86.3,1.8,5.4,0.64,0.51,Fastened,4329.0,18.0,37.3,Discharging
2026-09-19T07:11:00Z,CAT-349-EX03,OP1004,TSK-120,2.8,74.9,28,12.1,480.0,2906.5,87.6,3.4,7.4,1.23,0.42,Fastened,4311.0,18.0,34.5,Discharging
2026-09-19T08:19:00Z,CAT-349-EX03,OP1004,TSK-113,4.1,54.0,20,20.7,480.0,2931.2,89.1,7.7,9.1,0.97,0.66,Fastened,4574.0,18.0,36.6,Discharging
2026-09-19T09:25:00Z,CAT-349-EX03,OP1004,TSK-107,2.6,70.0,19,20.5,480.0,2957.0,84.9,3.8,3.9,1.27,0.73,Fastened,4902.0,18.0,35.7,Discharging
2026-09-19T10:10:00Z,CAT-349-EX03,OP1004,TSK-126,1.7,46.8,34,15.7,480.0,2985.5,86.7,4.9,7.6,0.53,0.13,Fastened,4531.0,18.0,34.7,Discharging
2026-09-19T11:16:00Z,CAT-349-EX03,OP1004,TSK-107,1.5,53.5,28,10.4,480.0,3021.0,88.7,5.6,4.3,1.4,1.2,Fastened,4764.0,18.0,39.4,Discharging
2026-09-19T12:02:00Z,CAT-349-EX03,OP1004,TSK-113,4.5,85.7,18,13.8,480.0,3045.4,84.2,6.5,6.2,1.07,0.33,Fastened,4375.0,18.0,37.9,Discharging
2026-09-19T13:31:00Z,CAT-349-EX03,OP1004,TSK-119,2.0,53.1,31,18.7,480.0,3073.4,90.3,3.7,3.9,0.57,0.91,Fastened,4575.0,18.0,38.6,Discharging
2026-09-19T14:16:00Z,CAT-349-EX03,OP1004,TSK-111,3.7,68.1,28,14.4,480.0,3097.6,87.4,1.3,7.3,1.16,1.11,Fastened,4630.0,18.0,35.9,Discharging
2026-09-19T15:27:00Z,CAT-349-EX03,OP1004,TSK-123,2.0,86.4,27,15.2,480.0,3120.1,87.7,2.4,2.8,0.23,0.32,Fastened,4884.0,18.0,35.9,Discharging
2026-09-19T16:12:00Z,CAT-349-EX03,OP1004,TSK-105,4.5,50.6,31,14.3,480.0,3156.0,90.3,6.7,6.3,0.57,1.0,Fastened,4699.0,18.0,33.6,Discharging
2026-09-19T17:21:00Z,CAT-349-EX03,OP1004,TSK-111,1.8,45.3,22,17.5,480.0,3181.9,90.6,5.8,6.0,1.26,0.61,Fastened,4632.0,18.0,39.4,Discharging
2026-09-20T07:52:00Z,CAT-349-EX03,OP1004,TSK-113,1.4,55.7,31,18.9,480.0,3213.0,88.6,2.5,6.1,0.25,1.07,Fastened,4318.0,18.0,40.8,Discharging
2026-09-20T08:44:00Z,CAT-349-EX03,OP1004,TSK-111,1.6,66.2,21,17.9,480.0,3247.3,85.9,2.1,11.0,0.4,0.33,Fastened,4233.0,18.0,32.3,Discharging
2026-09-20T09:45:00Z,CAT-349-EX03,OP1004,TSK-115,4.0,62.1,18,18.2,480.0,3280.0,86.6,1.8,4.3,0.28,0.7,Fastened,4382.0,18.0,41.5,Discharging
2026-09-20T10:08:00Z,CAT-349-EX03,OP1004,TSK-102,1.4,73.9,18,18.2,480.0,3305.5,90.5,3.9,8.1,0.84,0.59,Fastened,4236.0,18.0,38.3,Discharging
2026-09-20T11:44:00Z,CAT-349-EX03,OP1004,TSK-130,1.9,47.3,18,14.3,480.0,3331.5,84.3,1.6,2.4,0.31,0.56,Fastened,4942.0,18.0,35.4,Discharging
2026-09-20T12:12:00Z,CAT-349-EX03,OP1004,TSK-108,3.8,58.9,24,15.6,480.0,3360.3,84.0,4.9,7.6,0.63,0.29,Fastened,4502.0,18.0,35.2,Discharging
2026-09-20T13:31:00Z,CAT-349-EX03,OP1004,TSK-123,3.1,46.9,24,13.1,480.0,3398.1,87.1,4.7,5.7,1.39,1.04,Fastened,4329.0,18.0,41.6,Discharging
2026-09-20T14:42:00Z,CAT-349-EX03,OP1004,TSK-130,3.4,59.3,28,20.7,480.0,3420.4,87.6,1.8,10.8,0.66,0.8,Fastened,4374.0,18.0,37.9,Discharging
2026-09-20T15:16:00Z,CAT-349-EX03,OP1004,TSK-105,1.7,63.4,25,11.4,480.0,3447.1,85.6,3.7,7.6,0.97,0.36,Fastened,4744.0,18.0,41.9,Discharging
2026-09-20T16:58:00Z,CAT-349-EX03,OP1004,TSK-111,3.6,67.4,31,17.1,480.0,3482.7,85.3,1.2,7.8,0.45,0.16,Fastened,4888.0,18.0,41.9,Discharging
2026-09-20T17:46:00Z,CAT-349-EX03,OP1004,TSK-105,2.0,64.0,18,14.2,480.0,3505.5,90.9,4.4,2.6,0.35,0.29,Fastened,4612.0,18.0,40.0,Discharging
2026-09-21T07:38:00Z,CAT-349-EX03,OP1004,TSK-124,3.7,48.4,29,13.0,480.0,3535.6,86.1,3.5,5.6,0.39,1.15,Fastened,4562.0,18.0,39.6,Discharging
2026-09-21T08:07:00Z,CAT-349-EX03,OP1004,TSK-116,1.4,76.2,26,16.5,480.0,3566.6,82.7,2.6,5.4,0.36,0.62,Fastened,4316.0,18.0,33.9,Discharging
2026-09-21T09:25:00Z,CAT-349-EX03,OP1004,TSK-109,1.1,83.1,21,20.9,480.0,3595.6,89.3,2.3,5.5,1.1,0.48,Fastened,4732.0,18.0,38.3,Discharging
2026-09-21T10:05:00Z,CAT-349-EX03,OP1004,TSK-109,1.7,46.5,29,18.1,480.0,3627.9,87.8,7.4,7.7,1.33,0.26,Fastened,4386.0,18.0,37.8,Discharging
2026-09-21T11:12:00Z,CAT-349-EX03,OP1004,TSK-109,4.2,62.1,20,17.1,480.0,3663.2,88.6,3.9,6.7,0.8,0.69,Fastened,4865.0,18.0,37.9,Discharging
2026-09-21T12:50:00Z,CAT-349-EX03,OP1004,TSK-123,3.2,78.4,29,11.0,480.0,3697.2,84.9,3.0,9.3,1.38,1.0,Fastened,4201.0,18.0,32.7,Discharging
2026-09-21T13:35:00Z,CAT-349-EX03,OP1004,TSK-127,1.5,53.0,22,14.7,480.0,3726.4,84.0,4.6,3.8,0.44,0.92,Fastened,4807.0,18.0,33.9,Discharging
2026-09-21T14:57:00Z,CAT-349-EX03,OP1004,TSK-108,4.0,52.1,27,16.9,480.0,3748.9,86.5,1.2,2.8,1.01,0.21,Fastened,4246.0,18.0,39.5,Discharging
2026-09-21T15:40:00Z,CAT-349-EX03,OP1004,TSK-108,2.6,77.5,31,12.9,480.0,3775.9,90.9,3.2,5.0,1.0,0.52,Fastened,4243.0,18.0,35.6,Discharging
2026-09-21T16:08:00Z,CAT-349-EX03,OP1004,TSK-127,3.9,84.8,18,14.4,480.0,3809.1,84.4,3.7,7.4,0.74,0.85,Fastened,4852.0,18.0,37.1,Discharging
2026-09-21T17:02:00Z,CAT-349-EX03,OP1004,TSK-116,0.9,60.5,19,18.9,480.0,3834.8,85.8,9.4,10.7,0.94,0.19,Fastened,4521.0,18.0,41.3,Discharging
2026-09-22T07:14:00Z,CAT-349-EX03,OP1004,TSK-118,3.7,75.8,19,19.6,480.0,3867.6,91.4,2.5,3.2,0.76,1.09,Fastened,4916.0,18.0,36.8,Discharging
2026-09-22T08:17:00Z,CAT-349-EX03,OP1004,TSK-108,1.1,63.7,18,17.3,480.0,3901.9,88.8,6.1,3.4,1.0,1.15,Fastened,4703.0,18.0,38.7,Discharging
2026-09-22T09:42:00Z,CAT-349-EX03,OP1004,TSK-113,4.0,85.1,20,17.6,480.0,3935.7,88.2,7.0,7.8,1.14,1.16,Fastened,4528.0,18.0,34.3,Discharging
2026-09-22T10:20:00Z,CAT-349-EX03,OP1004,TSK-124,4.3,77.0,21,18.1,480.0,3963.8,82.0,3.2,7.2,0.27,0.69,Fastened,4835.0,18.0,41.8,Discharging
2026-09-22T11:25:00Z,CAT-349-EX03,OP1004,TSK-110,3.3,70.4,21,11.4,480.0,3988.1,90.0,4.1,5.6,0.8,0.6,Fastened,4651.0,18.0,33.5,Discharging
2026-09-22T12:53:00Z,CAT-349-EX03,OP1004,TSK-116,2.7,74.6,26,13.5,480.0,4023.4,84.8,7.0,11.0,1.36,0.16,Fastened,4808.0,18.0,33.5,Discharging
2026-09-22T13:56:00Z,CAT-349-EX03,OP1004,TSK-130,1.0,82.2,23,17.7,480.0,4058.4,90.1,4.4,9.7,1.39,0.7,Fastened,4453.0,18.0,38.8,Discharging
2026-09-22T14:50:00Z,CAT-349-EX03,OP1004,TSK-102,1.8,84.7,30,18.0,480.0,4094.3,90.1,3.7,2.9,1.05,0.6,Fastened,4323.0,18.0,33.4,Discharging
2026-09-22T15:20:00Z,CAT-349-EX03,OP1004,TSK-105,1.5,73.0,29,18.8,480.0,4132.1,85.6,7.6,8.5,1.38,0.85,Fastened,4326.0,18.0,32.6,Discharging
2026-09-22T16:32:00Z,CAT-349-EX03,OP1004,TSK-116,3.2,70.5,22,20.8,480.0,4158.0,84.9,1.3,7.6,0.92,0.29,Fastened,4759.0,18.0,39.8,Discharging
2026-09-22T17:44:00Z,CAT-349-EX03,OP1004,TSK-122,3.2,56.8,32,19.5,480.0,4187.8,90.6,1.4,5.3,0.47,0.75,Fastened,4941.0,18.0,36.8,Discharging
2026-09-23T07:32:00Z,CAT-349-EX03,OP1004,TSK-126,1.3,59.0,23,13.3,480.0,4222.9,89.7,3.8,5.6,0.79,0.67,Fastened,4639.0,18.0,39.1,Discharging
2026-09-23T08:09:00Z,CAT-349-EX03,OP1004,TSK-119,1.2,82.1,23,17.2,480.0,4245.5,84.0,1.9,2.0,0.39,0.72,Fastened,4839.0,18.0,32.4,Discharging
2026-09-23T09:34:00Z,CAT-349-EX03,OP1004,TSK-122,4.4,73.3,25,11.9,480.0,4280.0,87.1,4.7,4.7,0.37,0.64,Fastened,4435.0,18.0,41.1,Discharging
2026-09-23T10:40:00Z,CAT-349-EX03,OP1004,TSK-118,3.8,55.2,24,11.1,480.0,4304.1,84.1,2.2,3.3,0.63,0.24,Fastened,4667.0,18.0,32.7,Discharging
2026-09-23T11:26:00Z,CAT-349-EX03,OP1004,TSK-123,4.3,74.1,22,15.0,480.0,4342.0,88.1,5.8,6.8,1.06,0.72,Fastened,4686.0,18.0,37.1,Discharging
2026-09-23T12:03:00Z,CAT-349-EX03,OP1004,TSK-109,2.8,74.4,31,13.0,480.0,4369.3,83.4,2.5,2.6,1.16,0.4,Fastened,4273.0,18.0,41.8,Discharging
2026-09-23T13:08:00Z,CAT-349-EX03,OP1004,TSK-109,4.0,70.3,33,15.8,480.0,4395.8,87.8,3.0,2.9,1.28,0.29,Fastened,4910.0,18.0,35.9,Discharging
2026-09-23T14:49:00Z,CAT-349-EX03,OP1004,TSK-105,4.1,62.3,22,16.1,480.0,4428.3,85.6,5.2,4.3,1.08,0.16,Fastened,4744.0,18.0,41.7,Discharging
2026-09-23T15:17:00Z,CAT-349-EX03,OP1004,TSK-129,2.4,60.2,32,15.0,480.0,4465.4,90.8,3.9,6.5,0.47,0.8,Fastened,4265.0,18.0,35.1,Discharging
2026-09-23T16:56:00Z,CAT-349-EX03,OP1004,TSK-101,4.3,52.1,19,18.0,480.0,4500.3,91.1,3.9,2.8,0.71,0.66,Fastened,4748.0,18.0,36.8,Discharging
2026-09-23T17:45:00Z,CAT-349-EX03,OP1004,TSK-124,3.1,84.2,18,14.5,480.0,4526.2,88.3,8.5,8.4,1.3,1.2,Fastened,4909.0,18.0,38.8,Discharging
2026-09-14T07:26:00Z,CAT-777-HT05,OP1005,TSK-121,22.9,80.8,21,13.7,480.0,1272.0,87.4,2.5,4.6,0.46,0.44,Fastened,4900.0,83.2,38.4,Discharging
2026-09-14T08:04:00Z,CAT-777-HT05,OP1005,TSK-106,12.9,45.3,32,19.3,480.0,1308.2,85.8,1.0,5.0,0.21,0.57,Fastened,4348.0,68.7,37.3,Discharging
2026-09-14T09:28:00Z,CAT-777-HT05,OP1005,TSK-109,22.5,54.7,30,11.7,480.0,1338.8,83.0,6.3,5.4,0.73,1.02,Fastened,4321.0,56.5,35.5,Discharging
2026-09-14T10:24:00Z,CAT-777-HT05,OP1005,TSK-116,16.6,50.7,31,11.2,480.0,1364.0,91.1,2.7,8.7,1.38,0.23,Fastened,4567.0,46.4,37.0,Discharging
2026-09-14T11:10:00Z,CAT-777-HT05,OP1005,TSK-112,20.0,84.7,30,19.7,480.0,1388.0,86.8,5.4,3.2,1.12,0.36,Fastened,4709.0,36.8,35.4,Discharging
2026-09-14T12:49:00Z,CAT-777-HT05,OP1005,TSK-109,13.3,63.4,22,13.1,480.0,1411.8,91.4,3.4,8.6,0.5,1.0,Fastened,4349.0,27.3,39.1,Discharging
2026-09-14T13:46:00Z,CAT-777-HT05,OP1005,TSK-130,25.7,72.0,22,12.1,480.0,1449.6,83.4,1.2,4.1,0.22,0.32,Fastened,4848.0,18.0,35.8,Discharging
2026-09-14T14:46:00Z,CAT-777-HT05,OP1005,TSK-114,19.7,66.9,19,13.7,480.0,1477.2,84.3,2.4,4.7,1.27,0.3,Fastened,4200.0,18.0,38.6,Discharging
2026-09-14T15:20:00Z,CAT-777-HT05,OP1005,TSK-125,15.0,85.8,29,11.1,480.0,1510.1,90.2,4.2,5.0,0.6,0.92,Fastened,4471.0,18.0,39.8,Discharging
2026-09-14T16:25:00Z,CAT-777-HT05,OP1005,TSK-107,13.4,49.6,21,16.4,480.0,1545.2,88.7,5.2,2.4,1.31,0.18,Fastened,4610.0,18.0,35.4,Discharging
2026-09-14T17:50:00Z,CAT-777-HT05,OP1005,TSK-112,15.1,68.7,26,10.5,480.0,1576.2,90.5,11.0,10.0,0.74,0.89,Fastened,4883.0,18.0,32.7,Discharging
2026-09-15T07:10:00Z,CAT-777-HT05,OP1005,TSK-115,27.6,53.2,30,10.7,480.0,1599.4,89.1,4.9,6.5,0.66,0.96,Fastened,4501.0,18.0,34.7,Discharging
2026-09-15T08:47:00Z,CAT-777-HT05,OP1005,TSK-105,16.7,56.5,21,19.4,480.0,1622.0,90.9,1.7,3.5,0.53,0.25,Fastened,4855.0,18.0,32.5,Discharging
2026-09-15T09:54:00Z,CAT-777-HT05,OP1005,TSK-114,22.1,86.8,28,17.1,480.0,1655.6,90.5,3.4,2.7,0.55,1.18,Fastened,4669.0,18.0,32.1,Discharging
2026-09-15T10:48:00Z,CAT-777-HT05,OP1005,TSK-121,20.6,87.1,21,20.7,480.0,1681.7,88.0,10.5,8.5,0.86,1.0,Fastened,4365.0,18.0,34.7,Discharging
2026-09-15T11:53:00Z,CAT-777-HT05,OP1005,TSK-128,23.7,63.7,22,14.9,480.0,1706.7,83.7,2.8,10.1,0.88,1.14,Fastened,4335.0,18.0,34.8,Discharging
2026-09-15T12:58:00Z,CAT-777-HT05,OP1005,TSK-105,13.1,48.1,25,16.7,480.0,1740.3,88.9,4.0,6.1,1.17,0.76,Fastened,4483.0,18.0,32.2,Discharging
2026-09-15T13:50:00Z,CAT-777-HT05,OP1005,TSK-127,24.3,56.5,18,11.5,480.0,1771.0,85.2,7.8,9.1,1.05,0.32,Fastened,4560.0,18.0,37.6,Discharging
2026-09-15T14:12:00Z,CAT-777-HT05,OP1005,TSK-129,20.7,56.5,21,12.7,480.0,1794.6,89.9,2.0,2.2,0.37,1.1,Fastened,4218.0,18.0,36.3,Discharging
2026-09-15T15:58:00Z,CAT-777-HT05,OP1005,TSK-130,27.9,54.7,27,15.4,480.0,1831.4,82.8,1.8,5.2,0.25,0.27,Fastened,4521.0,18.0,35.3,Discharging
2026-09-15T16:19:00Z,CAT-777-HT05,OP1005,TSK-105,25.0,75.6,20,20.3,480.0,1865.8,85.0,11.9,9.1,0.67,0.89,Fastened,4789.0,18.0,36.8,Discharging
2026-09-15T17:13:00Z,CAT-777-HT05,OP1005,TSK-118,19.7,86.8,28,15.4,480.0,1893.9,86.7,6.1,3.2,0.84,0.69,Fastened,4816.0,18.0,35.8,Discharging
2026-09-16T07:53:00Z,CAT-777-HT05,OP1005,TSK-130,12.0,87.7,18,12.6,480.0,1917.7,85.3,1.8,5.3,1.22,1.05,Fastened,4814.0,18.0,34.9,Discharging
2026-09-16T08:49:00Z,CAT-777-HT05,OP1005,TSK-127,18.0,46.1,31,17.7,480.0,1940.9,87.6,5.6,5.3,0.39,0.26,Fastened,4306.0,18.0,34.5,Discharging
2026-09-16T09:49:00Z,CAT-777-HT05,OP1005,TSK-129,19.5,76.1,32,20.4,480.0,1965.4,88.1,4.0,9.0,0.93,0.29,Fastened,4320.0,18.0,36.0,Discharging
2026-09-16T10:58:00Z,CAT-777-HT05,OP1005,TSK-105,21.2,58.2,25,12.8,480.0,1995.7,89.1,6.6,5.8,0.68,0.16,Fastened,4494.0,18.0,40.2,Discharging
2026-09-16T11:40:00Z,CAT-777-HT05,OP1005,TSK-104,17.0,72.6,30,15.2,480.0,2020.8,83.0,4.5,3.5,0.64,0.96,Fastened,4452.0,18.0,34.4,Discharging
2026-09-16T12:42:00Z,CAT-777-HT05,OP1005,TSK-112,21.1,46.9,33,10.9,480.0,2042.9,89.1,3.7,2.4,1.35,0.65,Fastened,4436.0,18.0,35.9,Discharging
2026-09-16T13:10:00Z,CAT-777-HT05,OP1005,TSK-102,23.9,49.3,22,14.5,480.0,2078.8,84.8,2.9,2.2,0.38,0.61,Fastened,4864.0,18.0,32.9,Discharging
2026-09-16T14:58:00Z,CAT-777-HT05,OP1005,TSK-111,23.5,87.7,34,11.5,480.0,2115.7,86.3,6.4,6.6,0.36,0.42,Fastened,4668.0,18.0,41.4,Discharging
2026-09-16T15:40:00Z,CAT-777-HT05,OP1005,TSK-129,20.0,79.6,22,16.9,480.0,2150.5,82.8,9.1,8.9,0.31,0.45,Fastened,4901.0,18.0,33.6,Discharging
2026-09-16T16:25:00Z,CAT-777-HT05,OP1005,TSK-119,19.4,87.4,26,17.8,480.0,2187.5,86.6,10.0,8.9,0.64,0.42,Fastened,4507.0,18.0,38.2,Discharging
2026-09-16T17:30:00Z,CAT-777-HT05,OP1005,TSK-121,18.0,74.3,34,20.5,480.0,2210.2,82.5,9.2,6.1,1.15,0.87,Fastened,4621.0,18.0,33.5,Discharging
2026-09-17T07:31:00Z,CAT-777-HT05,OP1005,TSK-120,13.4,76.5,30,15.1,480.0,2237.3,86.6,4.0,8.9,1.04,0.62,Fastened,4409.0,18.0,32.4,Discharging
2026-09-17T08:05:00Z,CAT-777-HT05,OP1005,TSK-103,19.6,47.3,18,14.7,480.0,2269.5,83.3,4.3,10.6,0.53,0.19,Fastened,4855.0,18.0,36.5,Discharging
2026-09-17T09:15:00Z,CAT-777-HT05,OP1005,TSK-116,13.5,83.8,28,19.1,480.0,2306.6,86.5,3.2,10.7,1.03,0.28,Fastened,4723.0,18.0,35.5,Discharging
2026-09-17T10:26:00Z,CAT-777-HT05,OP1005,TSK-124,15.2,76.1,22,19.8,480.0,2340.5,89.0,7.9,4.9,0.22,1.09,Fastened,4900.0,18.0,37.0,Discharging
2026-09-17T11:52:00Z,CAT-777-HT05,OP1005,TSK-124,12.1,64.4,22,15.7,480.0,2363.1,91.3,6.3,7.7,0.7,0.7,Fastened,4325.0,18.0,35.8,Discharging
2026-09-17T12:14:00Z,CAT-777-HT05,OP1005,TSK-115,25.0,45.7,27,10.2,480.0,2395.5,85.9,7.0,6.5,0.62,1.01,Fastened,4519.0,18.0,41.7,Discharging
2026-09-17T13:13:00Z,CAT-777-HT05,OP1005,TSK-120,14.6,63.7,27,16.1,480.0,2422.0,90.9,5.9,9.6,1.29,0.21,Fastened,4266.0,18.0,40.4,Discharging
2026-09-17T14:39:00Z,CAT-777-HT05,OP1005,TSK-126,15.4,78.4,30,19.4,480.0,2449.6,90.7,5.8,3.0,0.7,1.0,Fastened,4728.0,18.0,39.4,Discharging
2026-09-17T15:55:00Z,CAT-777-HT05,OP1005,TSK-127,12.1,84.1,19,17.4,480.0,2484.7,89.0,1.8,2.1,0.58,0.29,Fastened,4629.0,18.0,36.3,Discharging
2026-09-17T16:27:00Z,CAT-777-HT05,OP1005,TSK-111,24.8,69.8,22,19.1,480.0,2513.1,86.9,9.1,10.5,0.72,0.21,Fastened,4801.0,18.0,37.0,Discharging
2026-09-17T17:52:00Z,CAT-777-HT05,OP1005,TSK-119,25.4,51.8,28,20.1,480.0,2545.2,83.5,2.6,3.8,0.94,0.7,Fastened,4929.0,18.0,37.7,Discharging
2026-09-18T07:55:00Z,CAT-777-HT05,OP1005,TSK-128,24.3,73.3,26,18.6,480.0,2583.0,83.0,1.1,2.7,0.75,0.76,Fastened,4280.0,18.0,34.8,Discharging
2026-09-18T08:07:00Z,CAT-777-HT05,OP1005,TSK-114,15.3,49.3,18,20.0,480.0,2608.4,85.6,5.2,5.7,0.58,1.1,Fastened,4806.0,18.0,33.8,Discharging
2026-09-18T09:24:00Z,CAT-777-HT05,OP1005,TSK-105,14.5,76.9,21,16.0,480.0,2638.6,84.1,1.1,3.7,0.64,1.09,Fastened,4222.0,18.0,33.4,Discharging
2026-09-18T10:07:00Z,CAT-777-HT05,OP1005,TSK-128,23.9,66.3,34,13.2,480.0,2663.8,90.4,4.2,10.5,0.54,0.53,Fastened,4638.0,18.0,39.7,Discharging
2026-09-18T11:52:00Z,CAT-777-HT05,OP1005,TSK-119,19.1,70.6,26,14.8,480.0,2692.7,85.4,7.5,9.3,1.28,1.0,Fastened,4537.0,18.0,40.9,Discharging
2026-09-18T12:18:00Z,CAT-777-HT05,OP1005,TSK-106,22.3,86.5,29,19.1,480.0,2721.6,85.4,5.4,5.6,0.29,0.82,Fastened,4479.0,18.0,39.8,Discharging
2026-09-18T13:22:00Z,CAT-777-HT05,OP1005,TSK-122,21.6,67.7,21,14.2,480.0,2756.5,82.7,9.2,7.0,1.27,0.56,Fastened,4767.0,18.0,35.2,Discharging
2026-09-18T14:14:00Z,CAT-777-HT05,OP1005,TSK-110,16.4,50.1,32,10.5,480.0,2787.7,82.2,2.5,3.5,1.14,0.73,Fastened,4203.0,18.0,36.6,Discharging
2026-09-18T15:43:00Z,CAT-777-HT05,OP1005,TSK-120,18.6,57.9,28,19.1,480.0,2814.7,82.4,6.3,8.8,0.56,1.18,Fastened,4570.0,18.0,38.4,Discharging
2026-09-18T16:55:00Z,CAT-777-HT05,OP1005,TSK-103,12.8,45.4,21,10.3,480.0,2840.3,83.8,10.4,10.9,1.28,0.51,Fastened,4877.0,18.0,41.9,Discharging
2026-09-18T17:57:00Z,CAT-777-HT05,OP1005,TSK-106,12.8,58.1,26,10.5,480.0,2866.6,90.8,6.1,5.0,0.9,0.23,Fastened,4439.0,18.0,33.5,Discharging
2026-09-19T07:35:00Z,CAT-777-HT05,OP1005,TSK-118,27.6,58.8,33,17.3,480.0,2889.9,89.9,2.3,4.0,0.49,0.81,Fastened,4842.0,18.0,38.9,Discharging
2026-09-19T08:14:00Z,CAT-777-HT05,OP1005,TSK-117,24.2,67.1,28,19.0,480.0,2914.4,83.0,5.2,8.8,0.36,1.11,Fastened,4489.0,18.0,36.5,Discharging
2026-09-19T09:14:00Z,CAT-777-HT05,OP1005,TSK-129,14.6,58.2,21,13.1,480.0,2940.2,86.4,5.0,3.3,0.52,0.62,Fastened,4598.0,18.0,35.5,Discharging
2026-09-19T10:34:00Z,CAT-777-HT05,OP1005,TSK-120,17.9,47.1,30,14.9,480.0,2968.6,84.6,3.8,8.6,0.93,0.67,Fastened,4282.0,18.0,32.5,Discharging
2026-09-19T11:09:00Z,CAT-777-HT05,OP1005,TSK-113,16.3,47.8,21,10.4,480.0,2997.1,83.0,5.7,4.5,1.08,1.07,Fastened,4401.0,18.0,34.1,Discharging
2026-09-19T12:24:00Z,CAT-777-HT05,OP1005,TSK-122,12.0,53.0,33,13.2,480.0,3021.8,82.7,8.4,8.7,0.42,1.09,Fastened,4306.0,18.0,32.1,Discharging
2026-09-19T13:23:00Z,CAT-777-HT05,OP1005,TSK-108,14.7,77.7,18,19.7,480.0,3051.6,86.5,6.7,7.3,0.25,0.12,Fastened,4710.0,18.0,34.9,Discharging
2026-09-19T14:34:00Z,CAT-777-HT05,OP1005,TSK-109,16.9,76.7,32,11.0,480.0,3084.2,85.5,4.8,6.4,0.22,0.49,Fastened,4733.0,18.0,40.9,Discharging
2026-09-19T15:56:00Z,CAT-777-HT05,OP1005,TSK-112,16.3,67.3,18,15.3,480.0,3122.1,86.7,1.9,3.3,0.49,0.92,Fastened,4930.0,18.0,35.6,Discharging
2026-09-19T16:14:00Z,CAT-777-HT05,OP1005,TSK-112,16.4,72.0,32,11.2,480.0,3158.7,90.4,3.3,10.9,0.67,0.56,Fastened,4945.0,18.0,35.1,Discharging
2026-09-19T17:52:00Z,CAT-777-HT05,OP1005,TSK-110,16.6,86.7,33,18.7,480.0,3189.1,87.9,8.0,10.3,1.0,0.43,Fastened,4416.0,18.0,40.0,Discharging
2026-09-20T07:02:00Z,CAT-777-HT05,OP1005,TSK-114,24.6,66.6,22,19.7,480.0,3222.8,87.6,2.7,10.6,0.3,0.34,Fastened,4555.0,18.0,35.5,Discharging
2026-09-20T08:42:00Z,CAT-777-HT05,OP1005,TSK-105,26.3,84.6,27,19.9,480.0,3257.7,88.5,4.9,3.6,0.44,0.25,Fastened,4616.0,18.0,35.0,Discharging
2026-09-20T09:52:00Z,CAT-777-HT05,OP1005,TSK-101,19.1,58.5,29,11.5,480.0,3286.3,90.7,3.9,6.2,0.23,0.94,Fastened,4266.0,18.0,33.4,Discharging
2026-09-20T10:52:00Z,CAT-777-HT05,OP1005,TSK-115,20.7,69.3,27,11.4,480.0,3319.0,89.7,1.6,2.5,1.25,0.61,Fastened,4241.0,18.0,32.5,Discharging
2026-09-20T11:43:00Z,CAT-777-HT05,OP1005,TSK-123,21.0,74.7,19,19.0,480.0,3352.5,83.9,3.2,3.1,0.37,0.91,Fastened,4571.0,18.0,34.2,Discharging
2026-09-20T12:56:00Z,CAT-777-HT05,OP1005,TSK-104,27.0,79.6,24,17.9,480.0,3376.4,84.3,2.5,3.0,0.32,0.13,Fastened,4579.0,18.0,35.9,Discharging
2026-09-20T13:21:00Z,CAT-777-HT05,OP1005,TSK-106,25.5,68.5,32,19.0,480.0,3408.6,83.3,5.8,9.7,1.09,0.36,Fastened,4584.0,18.0,39.0,Discharging
2026-09-20T14:27:00Z,CAT-777-HT05,OP1005,TSK-121,25.0,51.4,27,15.1,480.0,3435.4,88.2,1.1,6.1,0.99,0.59,Fastened,4881.0,18.0,35.5,Discharging
2026-09-20T15:34:00Z,CAT-777-HT05,OP1005,TSK-115,23.3,61.8,20,13.8,480.0,3466.4,88.8,3.3,3.6,1.14,0.41,Fastened,4772.0,18.0,35.0,Discharging
2026-09-20T16:55:00Z,CAT-777-HT05,OP1005,TSK-119,22.5,69.8,34,15.2,480.0,3493.6,85.3,2.3,9.0,0.94,0.54,Fastened,4234.0,18.0,40.5,Discharging
2026-09-20T17:51:00Z,CAT-777-HT05,OP1005,TSK-104,26.4,52.5,30,12.6,480.0,3525.4,82.4,1.6,8.8,1.1,0.59,Fastened,4481.0,18.0,38.3,Discharging
2026-09-21T07:16:00Z,CAT-777-HT05,OP1005,TSK-129,24.9,53.3,18,19.0,480.0,3560.4,82.0,2.9,7.7,1.13,0.73,Fastened,4848.0,18.0,35.4,Discharging
2026-09-21T08:48:00Z,CAT-777-HT05,OP1005,TSK-115,21.1,65.4,29,19.2,480.0,3595.2,86.1,7.3,5.2,0.65,0.18,Fastened,4259.0,18.0,39.8,Discharging
2026-09-21T09:09:00Z,CAT-777-HT05,OP1005,TSK-128,12.4,80.3,27,15.9,480.0,3618.3,83.5,8.4,10.3,0.55,0.69,Fastened,4381.0,18.0,37.2,Discharging
2026-09-21T10:21:00Z,CAT-777-HT05,OP1005,TSK-129,13.8,65.3,26,17.7,480.0,3643.5,89.3,4.2,7.9,0.37,0.7,Fastened,4750.0,18.0,41.2,Discharging
2026-09-21T11:58:00Z,CAT-777-HT05,OP1005,TSK-130,21.0,71.2,19,18.9,480.0,3677.3,82.8,3.0,5.1,0.86,1.14,Fastened,4403.0,18.0,32.4,Discharging
2026-09-21T12:58:00Z,CAT-777-HT05,OP1005,TSK-125,24.4,79.9,30,10.6,480.0,3700.1,85.6,6.4,8.1,0.35,0.87,Fastened,4612.0,18.0,33.2,Discharging
2026-09-21T13:05:00Z,CAT-777-HT05,OP1005,TSK-103,18.6,77.4,19,10.1,480.0,3735.1,82.5,8.5,10.9,0.73,0.41,Fastened,4436.0,18.0,38.0,Discharging
2026-09-21T14:20:00Z,CAT-777-HT05,OP1005,TSK-108,22.5,48.3,24,17.2,480.0,3771.7,86.2,3.9,6.5,0.56,0.5,Fastened,4614.0,18.0,40.7,Discharging
2026-09-21T15:19:00Z,CAT-777-HT05,OP1005,TSK-108,17.5,62.7,33,11.1,480.0,3809.3,84.9,1.6,4.5,0.86,0.24,Fastened,4744.0,18.0,39.9,Discharging
2026-09-21T16:55:00Z,CAT-777-HT05,OP1005,TSK-115,25.2,48.6,26,14.2,480.0,3837.4,82.4,1.2,9.7,0.45,0.3,Fastened,4523.0,18.0,32.5,Discharging
2026-09-21T17:36:00Z,CAT-777-HT05,OP1005,TSK-127,24.1,59.5,26,20.0,480.0,3864.9,87.9,9.0,9.3,1.24,0.96,Fastened,4896.0,18.0,39.5,Discharging
2026-09-22T07:20:00Z,CAT-777-HT05,OP1005,TSK-108,21.2,69.4,34,15.1,480.0,3902.8,83.3,4.1,4.3,0.22,0.98,Fastened,4913.0,18.0,32.9,Discharging
2026-09-22T08:36:00Z,CAT-777-HT05,OP1005,TSK-119,16.4,56.6,26,10.4,480.0,3926.8,88.3,7.6,9.0,1.2,1.03,Fastened,4533.0,18.0,32.2,Discharging
2026-09-22T09:07:00Z,CAT-777-HT05,OP1005,TSK-128,13.0,52.7,26,13.5,480.0,3951.6,87.9,2.2,4.3,0.26,0.23,Fastened,4229.0,18.0,38.8,Discharging
2026-09-22T10:39:00Z,CAT-777-HT05,OP1005,TSK-102,27.2,87.7,26,12.5,480.0,3982.2,87.7,4.5,2.1,0.62,0.19,Fastened,4533.0,18.0,37.1,Discharging
2026-09-22T11:22:00Z,CAT-777-HT05,OP1005,TSK-114,13.1,63.3,27,17.5,480.0,4009.6,90.5,4.0,3.3,0.65,1.14,Fastened,4421.0,18.0,32.3,Discharging
2026-09-22T12:20:00Z,CAT-777-HT05,OP1005,TSK-107,21.7,79.7,34,10.3,480.0,4043.0,85.6,8.9,8.4,0.9,0.82,Fastened,4313.0,18.0,39.6,Discharging
2026-09-22T13:06:00Z,CAT-777-HT05,OP1005,TSK-120,28.0,72.1,31,16.2,480.0,4077.8,86.5,6.9,6.9,0.83,0.59,Fastened,4402.0,18.0,40.4,Discharging
2026-09-22T14:17:00Z,CAT-777-HT05,OP1005,TSK-103,15.7,58.5,21,20.8,480.0,4106.4,85.3,9.7,8.2,0.81,1.11,Fastened,4690.0,18.0,38.1,Discharging
2026-09-22T15:28:00Z,CAT-777-HT05,OP1005,TSK-111,26.8,55.5,31,20.9,480.0,4141.1,85.0,6.8,8.1,0.3,0.56,Fastened,4937.0,18.0,37.8,Discharging
2026-09-22T16:51:00Z,CAT-777-HT05,OP1005,TSK-123,14.7,63.0,33,15.0,480.0,4170.0,83.6,1.3,8.7,0.29,0.67,Fastened,4597.0,18.0,35.9,Discharging
2026-09-22T17:10:00Z,CAT-777-HT05,OP1005,TSK-124,13.9,83.6,28,17.8,480.0,4192.7,90.7,9.6,7.3,1.34,1.1,Fastened,4673.0,18.0,39.4,Discharging
2026-09-23T07:48:00Z,CAT-777-HT05,OP1005,TSK-124,13.3,83.5,29,20.3,480.0,4217.5,87.6,3.9,8.1,1.33,0.21,Fastened,4423.0,18.0,35.4,Discharging
2026-09-23T08:35:00Z,CAT-777-HT05,OP1005,TSK-124,17.2,58.7,23,14.7,480.0,4253.6,84.0,10.7,10.6,0.82,0.73,Fastened,4662.0,18.0,33.0,Discharging
2026-09-23T09:09:00Z,CAT-777-HT05,OP1005,TSK-105,14.7,85.4,26,12.5,480.0,4286.3,82.9,12.7,10.9,0.86,0.66,Fastened,4327.0,18.0,38.0,Discharging
2026-09-23T10:55:00Z,CAT-777-HT05,OP1005,TSK-123,27.2,63.3,32,13.1,480.0,4310.1,90.7,3.6,6.7,0.34,1.08,Fastened,4570.0,18.0,32.9,Discharging
2026-09-23T11:16:00Z,CAT-777-HT05,OP1005,TSK-102,16.4,72.1,34,15.6,480.0,4346.4,86.1,6.3,8.0,1.32,0.97,Fastened,4438.0,18.0,40.4,Discharging
2026-09-23T12:58:00Z,CAT-777-HT05,OP1005,TSK-124,15.9,70.2,25,16.9,480.0,4381.4,86.7,2.3,8.1,0.36,0.8,Fastened,4267.0,18.0,37.2,Discharging
2026-09-23T13:15:00Z,CAT-777-HT05,OP1005,TSK-112,15.3,52.7,31,16.1,480.0,4407.2,86.6,7.0,8.2,0.99,0.3,Fastened,4425.0,18.0,34.3,Discharging
2026-09-23T14:33:00Z,CAT-777-HT05,OP1005,TSK-115,20.7,57.7,25,16.6,480.0,4433.8,85.1,4.9,3.0,0.99,0.23,Fastened,4549.0,18.0,35.2,Discharging
2026-09-23T15:40:00Z,CAT-777-HT05,OP1005,TSK-113,20.1,83.3,31,13.2,480.0,4460.9,89.7,2.1,2.5,0.71,0.39,Fastened,4241.0,18.0,36.9,Discharging
2026-09-23T16:38:00Z,CAT-777-HT05,OP1005,TSK-113,13.8,86.6,28,18.6,480.0,4483.2,82.9,5.1,3.2,1.05,1.1,Fastened,4775.0,18.0,37.5,Discharging
2026-09-23T17:35:00Z,CAT-777-HT05,OP1005,TSK-118,25.4,62.0,25,20.8,480.0,4511.8,89.0,2.7,4.6,1.33,0.14,Fastened,4215.0,18.0,41.4,Discharging
